brand_raw,price_discounted,price_mrp,page
"Multical-1000 Sachets (1 Box = 10 Sachets)

Rs. 23.75

Rs. 25.00","23.75

 25.00","23.75

 25.00",1
"Transamin Im/Iv Injection 250mg 5ml (1 Box = 10 Ampoules)

Rs. 24.58

Rs. 25.87","24.58

 25.87","24.58

 25.87",1
"Fusimed-H Cream 15g

Rs. 286.90

Rs. 302.00","286.90

 302.00","286.90

 302.00",1
"Flucon 35ml Suspension 50mg

Rs. 334.42

Rs. 352.02","334.42

 352.02","334.42

 352.02",1
"Rocip Eye Drops 5ml

Rs. 45.45

Rs. 47.84","45.45

 47.84","45.45

 47.84",1
"Atcomid Tablets 100mg (1 Box = 1 Strip)(1 Strip = 14 Tablets)

Rs. 665.00

Rs. 700.00","665.00

 700.00","665.00

 700.00",1
"Tirzee Injection 10mg/0.5ml (1 Box = 1prefilled Pen)

Rs. 9,500.00

Rs. 10,000.00","9,500.00

 10,000.00","9,500.00

 10,000.00",1
"Tirzee Injection 10mg/0.5ml (1 Box = 1prefilled Pen)

Rs. 9,500.00

Rs. 10,000.00","9,500.00

 10,000.00","9,500.00

 10,000.00",1
"Fusimed-H Cream 15g

Rs. 286.90

Rs. 302.00","286.90

 302.00","286.90

 302.00",1
"Ivermite Tablets 6mg (1 Box = 1 Strip)(1 Strip = 10 Tablets)

Rs. 428.50

Rs. 451.00","428.50

 451.00","428.50

 451.00",1
"Ondaset Tablets 8mg (1 Box = 10 Tablets)

Rs. 379.10

Rs. 399.00","379.10

 399.00","379.10

 399.00",1
"Tirzee Injection 10mg/0.5ml (1 Box = 1prefilled Pen)

Rs. 9,500.00

Rs. 10,000.00","9,500.00

 10,000.00","9,500.00

 10,000.00",1
"Ossobon-D Suspension 120ml

Rs. 475.00

Rs. 500.00","475.00

 500.00","475.00

 500.00",1
"Tirzee Injection 10mg/0.5ml (1 Box = 1prefilled Pen)

Rs. 9,500.00

Rs. 10,000.00","9,500.00

 10,000.00","9,500.00

 10,000.00",1
"Progeffik Softgel Capsules 200mg (1 Box = 1 Strip)(1 Strip = 15 Capsules)

Rs. 1,956.30

Rs. 2,059.24","1,956.30

 2,059.24","1,956.30

 2,059.24",2
"Tirzee Injection 10mg/0.5ml (1 Box = 1prefilled Pen)

Rs. 9,500.00

Rs. 10,000.00","9,500.00

 10,000.00","9,500.00

 10,000.00",2
"Persch 30ml Syrup 1mg/Ml

Rs. 503.50

Rs. 530.00","503.50

 530.00","503.50

 530.00",2
"Alphagan Eye Drops 0.2% 5ml

Rs. 807.50

Rs. 850.00","807.50

 850.00","807.50

 850.00",2
"Ondaset Tablets 8mg (1 Box = 10 Tablets)

Rs. 379.10

Rs. 399.00","379.10

 399.00","379.10

 399.00",2
"Vilanto-U Dpi Capsules 62.5mcg+25mcg (1 Box = 3 Strips) (1 Strip = 10 Capsules)

Rs. 348.30

Rs. 366.67","348.30

 366.67","348.30

 366.67",2
"Tracnesan Cream 0.05% 10g

Rs. 235.13

Rs. 247.51","235.13

 247.51","235.13

 247.51",2
"Tracnesan Cream 0.05% 10g

Rs. 235.13

Rs. 247.51","235.13

 247.51","235.13

 247.51",2
"Brivace Tablets 50mg (1 Box = 2 Strips) (1 Strip = 7 Tablets)

Rs. 1,309.14

Rs. 1,378.00","1,309.14

 1,378.00","1,309.14

 1,378.00",2
"Persch 30ml Syrup 1mg/Ml

Rs. 503.50

Rs. 530.00","503.50

 530.00","503.50

 530.00",2
"Tenofo-B Tablets 300mg

Rs. 4,065.90

Rs. 4,280.00","4,065.90

 4,280.00","4,065.90

 4,280.00",2
"Vorinaz Tablets 200mg (1 Box = 1 Strip)(1 Strip = 10 Tablets)

Rs. 1,666.20

Rs. 1,753.92","1,666.20

 1,753.92","1,666.20

 1,753.92",2
"Dicloran Topical Gel 30g

Rs. 242.25

Rs. 255.00","242.25

 255.00","242.25

 255.00",2
"Sinemet Tablets 25mg/250mg (1 Strip = 10 Tablets)

Rs. 269.30

Rs. 283.52","269.30

 283.52","269.30

 283.52",2
"Progeffik Softgel Capsules 200mg (1 Box = 1 Strip)(1 Strip = 15 Capsules)

Rs. 1,956.30

Rs. 2,059.24","1,956.30

 2,059.24","1,956.30

 2,059.24",3
"Tirzee Injection 10mg/0.5ml (1 Box = 1prefilled Pen)

Rs. 9,500.00

Rs. 10,000.00","9,500.00

 10,000.00","9,500.00

 10,000.00",3
"Vorinaz Tablets 200mg (1 Box = 1 Strip)(1 Strip = 10 Tablets)

Rs. 1,666.20

Rs. 1,753.92","1,666.20

 1,753.92","1,666.20

 1,753.92",3
"Ondaset Tablets 8mg (1 Box = 10 Tablets)

Rs. 379.10

Rs. 399.00","379.10

 399.00","379.10

 399.00",3
"Dicloran Topical Gel 30g

Rs. 242.25

Rs. 255.00","242.25

 255.00","242.25

 255.00",3
"Kleen Enema Rectal Liquid 135ml

Rs. 237.50

Rs. 250.00","237.50

 250.00","237.50

 250.00",3
"Lamictal Tablets 100mg (1 Strip = 15 Tablets)

Rs. 1,852.35

Rs. 1,949.81","1,852.35

 1,949.81","1,852.35

 1,949.81",3
"Lamictal Tablets 100mg (1 Strip = 15 Tablets)

Rs. 1,852.35

Rs. 1,949.81","1,852.35

 1,949.81","1,852.35

 1,949.81",3
"Sinemet Tablets 25mg/250mg (1 Strip = 10 Tablets)

Rs. 269.30

Rs. 283.52","269.30

 283.52","269.30

 283.52",3
"Tirzee Injection 10mg/0.5ml (1 Box = 1prefilled Pen)

Rs. 9,500.00

Rs. 10,000.00","9,500.00

 10,000.00","9,500.00

 10,000.00",3
"Tirzee Injection 10mg/0.5ml (1 Box = 1prefilled Pen)

Rs. 9,500.00

Rs. 10,000.00","9,500.00

 10,000.00","9,500.00

 10,000.00",3
"Drate Plus D Tablets 70mg/70mcg (1 Box = 1 Strip)(1 Strip = 4 Tablets)

Rs. 936.84

Rs. 986.14","936.84

 986.14","936.84

 986.14",3
"Montika Tablets 10mg (1 Box = 2 Strips) (1 Strip = 7 Tablets)

Rs. 484.54

Rs. 510.00","484.54

 510.00","484.54

 510.00",3
"Descol Tablets 20mg (1 Box = 1 Strip)(1 Strip = 10 Tablets)

Rs. 361.00

Rs. 380.00","361.00

 380.00","361.00

 380.00",3
"Flucon 35ml Suspension 50mg

Rs. 334.42

Rs. 352.02","334.42

 352.02","334.42

 352.02",3
"Tirzee Injection 10mg/0.5ml (1 Box = 1prefilled Pen)

Rs. 9,500.00

Rs. 10,000.00","9,500.00

 10,000.00","9,500.00

 10,000.00",4
"Tirzee Injection 10mg/0.5ml (1 Box = 1prefilled Pen)

Rs. 9,500.00

Rs. 10,000.00","9,500.00

 10,000.00","9,500.00

 10,000.00",4
"Tamsolin-S Tablets 0.4mg+6 Mg (1 Strip = 10 Tablets)

Rs. 1,367.10

Rs. 1,439.00","1,367.10

 1,439.00","1,367.10

 1,439.00",4
"Montika Tablets 10mg (1 Box = 2 Strips) (1 Strip = 7 Tablets)

Rs. 484.54

Rs. 510.00","484.54

 510.00","484.54

 510.00",4
"Alphagan Eye Drops 0.2% 5ml

Rs. 807.50

Rs. 850.00","807.50

 850.00","807.50

 850.00",4
"Tirzee Injection 10mg/0.5ml (1 Box = 1prefilled Pen)

Rs. 9,500.00

Rs. 10,000.00","9,500.00

 10,000.00","9,500.00

 10,000.00",4
"Advantec Tablets 16mg+12.5mg (1 Strip = 7 Tablets)

Rs. 299.25

Rs. 315.00","299.25

 315.00","299.25

 315.00",4
"Nutrifactor Biotin Plus Tablets 2500mcg (1 Bottle = 30 Tablets)

Rs. 697.32

Rs. 734.02","697.32

 734.02","697.32

 734.02",4
"Tirzee Injection 10mg/0.5ml (1 Box = 1prefilled Pen)

Rs. 9,500.00

Rs. 10,000.00","9,500.00

 10,000.00","9,500.00

 10,000.00",4
"Tenofo-B Tablets 300mg

Rs. 4,065.90

Rs. 4,280.00","4,065.90

 4,280.00","4,065.90

 4,280.00",4
"Tirzee Injection 10mg/0.5ml (1 Box = 1prefilled Pen)

Rs. 9,500.00

Rs. 10,000.00","9,500.00

 10,000.00","9,500.00

 10,000.00",4
"Rs. 9,500.00","10,000.00","1,666.20

 1,753.92",4
"Rs. 1,666.20

Rs. 1,753.92","1,666.20

 1,753.92","1,666.20

 1,753.92",4
"Plarvy Cough Syrup 120ml

Rs. 370.50

Rs. 390.00","370.50

 390.00","370.50

 390.00",4
"Ondaset Tablets 8mg (1 Box = 10 Tablets)

Rs. 379.10

Rs. 399.00","379.10

 399.00","379.10

 399.00",4
"Fibre One Cereals

Rs. 35.63

Rs. 37.50","35.63

 37.50","35.63

 37.50",4
"Lamictal Tablets 100mg (1 Strip = 15 Tablets)

Rs. 1,852.35

Rs. 1,949.81","1,852.35

 1,949.81","1,852.35

 1,949.81",4
"Plarvy Cough Syrup 120ml

Rs. 370.50

Rs. 390.00","370.50

 390.00","370.50

 390.00",5
"Ondaset Tablets 8mg (1 Box = 10 Tablets)

Rs. 379.10

Rs. 399.00","379.10

 399.00","379.10

 399.00",5
"Fibre One Cereals

Rs. 35.63

Rs. 37.50","35.63

 37.50","35.63

 37.50",5
"Ondaset Tablets 8mg (1 Box = 10 Tablets)

Rs. 379.10

Rs. 399.00","379.10

 399.00","379.10

 399.00",5
"Iroxide-F Tablets 100mg + 0.35mg (1 Box = 3 Strips) (1 Strip = 10 Tablets)

Rs. 107.70

Rs. 113.33","107.70

 113.33","107.70

 113.33",5
"Eventone-C Cream 30g

Rs. 1,947.50

Rs. 2,050.00","1,947.50

 2,050.00","1,947.50

 2,050.00",5
"Dicloran Topical Gel 30g

Rs. 242.25

Rs. 255.00","242.25

 255.00","242.25

 255.00",5
"Lamictal Tablets 100mg (1 Strip = 15 Tablets)

Rs. 1,852.35

Rs. 1,949.81","1,852.35

 1,949.81","1,852.35

 1,949.81",5
"Butyn Tablets 5mg (1 Strip = 10 Tablets)

Rs. 541.50

Rs. 570.00","541.50

 570.00","541.50

 570.00",5
"Ondaset Tablets 8mg (1 Box = 10 Tablets)

Rs. 379.10

Rs. 399.00","379.10

 399.00","379.10

 399.00",5
"Dicloran Topical Gel 30g

Rs. 242.25

Rs. 255.00","242.25

 255.00","242.25

 255.00",5
"Nassa Tablets 15mg (1 Strip = 10 Tablets)

Rs. 323.00

Rs. 340.00","323.00

 340.00","323.00

 340.00",5
"Dicloran Topical Gel 30g

Rs. 242.25

Rs. 255.00","242.25

 255.00","242.25

 255.00",5
"Rosemary Oil 10ml

Rs. 921.50

Rs. 970.00","921.50

 970.00","921.50

 970.00",5
"Tenofo-B Tablets 300mg

Rs. 4,065.90

Rs. 4,280.00","4,065.90

 4,280.00","4,065.90

 4,280.00",5
"Rocip Eye Drops 5ml

Rs. 45.45

Rs. 47.84","45.45

 47.84","45.45

 47.84",5
"Lamictal Tablets 100mg (1 Strip = 15 Tablets)

Rs. 1,852.35

Rs. 1,949.81","1,852.35

 1,949.81","1,852.35

 1,949.81",5
"Rosemary Oil 10ml

Rs. 921.50

Rs. 970.00","921.50

 970.00","921.50

 970.00",5
"Tenofo-B Tablets 300mg

Rs. 4,065.90

Rs. 4,280.00","4,065.90

 4,280.00","4,065.90

 4,280.00",6
"Dermive Urea Lotion 100ml

Rs. 1,004.15

Rs. 1,057.00","1,004.15

 1,057.00","1,004.15

 1,057.00",6
"Solophar Mouth & Throat Spray 50ml

Rs. 1,212.96

Rs. 1,276.80","1,212.96

 1,276.80","1,212.96

 1,276.80",6
"Hytrin Tablets 5mg (1 Strip = 10 Tablets)

Rs. 845.70

Rs. 890.22","845.70

 890.22","845.70

 890.22",6
"Gvia-M Tablets 50mg/1000mg (1 Strip = 7 Tablets)

Rs. 259.35

Rs. 273.00","259.35

 273.00","259.35

 273.00",6
"Plarvy Cough Syrup 120ml

Rs. 370.50

Rs. 390.00","370.50

 390.00","370.50

 390.00",6
"Risp Tablets 4mg (1 Box = 1 Strip)(1 Strip = 10 Tablets)

Rs. 615.60

Rs. 648.00","615.60

 648.00","615.60

 648.00",6
"Ondaset Tablets 8mg (1 Box = 10 Tablets)

Rs. 379.10

Rs. 399.00","379.10

 399.00","379.10

 399.00",6
"Lysovit Syrup 120ml

Rs. 228.00

Rs. 240.00","228.00

 240.00","228.00

 240.00",6
"Tracnesan Cream 0.05% 10g

Rs. 235.13

Rs. 247.51","235.13

 247.51","235.13

 247.51",6
"Gravinate Im/Iv Injection 50mg (1 Box = 25 Ampoules)

Rs. 653.25

Rs. 687.52","653.25

 687.52","653.25

 687.52",6
"Ondaset Tablets 8mg (1 Box = 10 Tablets)

Rs. 379.10

Rs. 399.00","379.10

 399.00","379.10

 399.00",6
"Tracnesan Cream 0.05% 10g

Rs. 235.13

Rs. 247.51","235.13

 247.51","235.13

 247.51",6
"Progeffik Softgel Capsules 200mg (1 Box = 1 Strip)(1 Strip = 15 Capsules)

Rs. 1,956.30

Rs. 2,059.24","1,956.30

 2,059.24","1,956.30

 2,059.24",7
"Ondaset Tablets 8mg (1 Box = 10 Tablets)

Rs. 379.10

Rs. 399.00","379.10

 399.00","379.10

 399.00",7
"Dicloran Topical Gel 30g

Rs. 242.25

Rs. 255.00","242.25

 255.00","242.25

 255.00",7
"Healthaid Iro Active Capsules (1 Box = 30 Capsules)

Rs. 1,900.00

Rs. 2,000.00","1,900.00

 2,000.00","1,900.00

 2,000.00",7
"Healthaid Zinc Sulphate Tablets 200mg (1 Box = 90 Tablets)

Rs. 2,802.50

Rs. 2,950.00","2,802.50

 2,950.00","2,802.50

 2,950.00",7
"Iroxide-F Tablets 100mg + 0.35mg (1 Box = 3 Strips) (1 Strip = 10 Tablets)

Rs. 107.70

Rs. 113.33","107.70

 113.33","107.70

 113.33",7
"Cefspan Capsules 400mg (1 Bottle = 5 Capsules)

Rs. 693.50

Rs. 730.00","693.50

 730.00","693.50

 730.00",7
"Azotek Tablets 250mg (1 Box = 1 Strip)(1 Strip = 6 Tablets)

Rs. 38.79

Rs. 40.83","38.79

 40.83","38.79

 40.83",7
"Myteka Tablets 10mg (1 Strip = 7 Tablets)

Rs. 2,427.25

Rs. 2,554.96","2,427.25

 2,554.96","2,427.25

 2,554.96",7
"Myteka Tablets 10mg (1 Strip = 7 Tablets)

Rs. 2,427.25

Rs. 2,554.96","2,427.25

 2,554.96","2,427.25

 2,554.96",7
"Cefspan Capsules 400mg (1 Bottle = 5 Capsules)

Rs. 693.50

Rs. 730.00","693.50

 730.00","693.50

 730.00",7
"Healthaid Iro Active Capsules (1 Box = 30 Capsules)

Rs. 1,900.00

Rs. 2,000.00","1,900.00

 2,000.00","1,900.00

 2,000.00",7
"Eventone-C Cream 30g

Rs. 1,947.50

Rs. 2,050.00","1,947.50

 2,050.00","1,947.50

 2,050.00",7
"Iroxide-F Tablets 100mg + 0.35mg (1 Box = 3 Strips) (1 Strip = 10 Tablets)

Rs. 107.70

Rs. 113.33","107.70

 113.33","107.70

 113.33",7
"Gravibinan Im Injection 5mg/2ml (1 Box = 1 Injection)

Rs. 15.97

Rs. 16.81","15.97

 16.81","15.97

 16.81",7
"Gravibinan Im Injection 5mg/2ml (1 Box = 1 Injection)

Rs. 15.97

Rs. 16.81","15.97

 16.81","15.97

 16.81",8
"Ondaset Tablets 8mg (1 Box = 10 Tablets)

Rs. 379.10

Rs. 399.00","379.10

 399.00","379.10

 399.00",8
"Healthaid Iro Active Capsules (1 Box = 30 Capsules)

Rs. 1,900.00

Rs. 2,000.00","1,900.00

 2,000.00","1,900.00

 2,000.00",8
"Tracnesan Cream 0.05% 10g

Rs. 235.13

Rs. 247.51","235.13

 247.51","235.13

 247.51",8
"Gravibinan Im Injection 5mg/2ml (1 Box = 1 Injection)

Rs. 15.97

Rs. 16.81","15.97

 16.81","15.97

 16.81",8
"Hair Aid Softgel Capsules (1 Box = 30 Capsules)

Rs. 1,054.50

Rs. 1,110.00","1,054.50

 1,110.00","1,054.50

 1,110.00",8
"Cadik Tablets (1 Bottle = 30 Tablets)

Rs. 736.26

Rs. 775.00","736.26

 775.00","736.26

 775.00",8
"Persch 30ml Syrup 1mg/Ml

Rs. 503.50

Rs. 530.00","503.50

 530.00","503.50

 530.00",8
"Uperio Tablets 50mg (1 Box = 4 Strips) (1 Strip = 7 Tablets)

Rs. 2,544.08

Rs. 2,677.97","2,544.08

 2,677.97","2,544.08

 2,677.97",8
"Fildil Tablets 10mg (1 Box = 10 Tablets )

Rs. 712.50

Rs. 750.00","712.50

 750.00","712.50

 750.00",8
"Healthaid Iro Active Capsules (1 Box = 30 Capsules)

Rs. 1,900.00

Rs. 2,000.00","1,900.00

 2,000.00","1,900.00

 2,000.00",8
"Healthaid Zinc Sulphate Tablets 200mg (1 Box = 90 Tablets)

Rs. 2,802.50

Rs. 2,950.00","2,802.50

 2,950.00","2,802.50

 2,950.00",8
"Dicloran Topical Gel 30g

Rs. 242.25

Rs. 255.00","242.25

 255.00","242.25

 255.00",8
"Healthaid Iro Active Capsules (1 Box = 30 Capsules)

Rs. 1,900.00

Rs. 2,000.00","1,900.00

 2,000.00","1,900.00

 2,000.00",8
"Healthaid Iro Active Capsules (1 Box = 30 Capsules)

Rs. 1,900.00

Rs. 2,000.00","1,900.00

 2,000.00","1,900.00

 2,000.00",8
"Persch 30ml Syrup 1mg/Ml

Rs. 503.50

Rs. 530.00","503.50

 530.00","503.50

 530.00",9
"Persch 30ml Syrup 1mg/Ml

Rs. 503.50

Rs. 530.00","503.50

 530.00","503.50

 530.00",9
"Persch 30ml Syrup 1mg/Ml

Rs. 503.50

Rs. 530.00","503.50

 530.00","503.50

 530.00",9
"Gravibinan Im Injection 5mg/2ml (1 Box = 1 Injection)

Rs. 15.97

Rs. 16.81","15.97

 16.81","15.97

 16.81",9
"Healthaid Zinc Sulphate Tablets 200mg (1 Box = 90 Tablets)

Rs. 2,802.50

Rs. 2,950.00","2,802.50

 2,950.00","2,802.50

 2,950.00",9
"Myteka Tablets 10mg (1 Strip = 7 Tablets)

Rs. 2,427.25

Rs. 2,554.96","2,427.25

 2,554.96","2,427.25

 2,554.96",9
"Tracnesan Cream 0.05% 10g

Rs. 235.13

Rs. 247.51","235.13

 247.51","235.13

 247.51",9
"Oratraxin Gel 10g

Rs. 401.86

Rs. 423.01","401.86

 423.01","401.86

 423.01",9
"Tracnesan Cream 0.05% 10g

Rs. 235.13

Rs. 247.51","235.13

 247.51","235.13

 247.51",9
"Persch 30ml Syrup 1mg/Ml

Rs. 503.50

Rs. 530.00","503.50

 530.00","503.50

 530.00",9
"Kleen Enema Rectal Liquid 135ml

Rs. 237.50

Rs. 250.00","237.50

 250.00","237.50

 250.00",9
"Persch 30ml Syrup 1mg/Ml

Rs. 503.50

Rs. 530.00","503.50

 530.00","503.50

 530.00",9
"Atcomid Tablets 100mg (1 Box = 1 Strip)(1 Strip = 14 Tablets)

Rs. 665.00

Rs. 700.00","665.00

 700.00","665.00

 700.00",9
"Lamictal Tablets 100mg (1 Strip = 15 Tablets)

Rs. 1,852.35

Rs. 1,949.81","1,852.35

 1,949.81","1,852.35

 1,949.81",10
"Dicloran Topical Gel 30g

Rs. 242.25

Rs. 255.00","242.25

 255.00","242.25

 255.00",10
"Kleen Enema Rectal Liquid 135ml

Rs. 237.50

Rs. 250.00","237.50

 250.00","237.50

 250.00",10
"Lamictal Tablets 100mg (1 Strip = 15 Tablets)

Rs. 1,852.35

Rs. 1,949.81","1,852.35

 1,949.81","1,852.35

 1,949.81",10
"Dicloran Topical Gel 30g

Rs. 242.25

Rs. 255.00","242.25

 255.00","242.25

 255.00",10
"Fibre One Cereals

Rs. 35.63

Rs. 37.50","35.63

 37.50","35.63

 37.50",10
"Cefspan Capsules 400mg (1 Bottle = 5 Capsules)

Rs. 693.50

Rs. 730.00","693.50

 730.00","693.50

 730.00",10
"Nassa Tablets 15mg (1 Strip = 10 Tablets)

Rs. 323.00

Rs. 340.00","323.00

 340.00","323.00

 340.00",10
"Myteka Tablets 10mg (1 Strip = 7 Tablets)

Rs. 2,427.25

Rs. 2,554.96","2,427.25

 2,554.96","2,427.25

 2,554.96",10
"Tracnesan Cream 0.05% 10g

Rs. 235.13

Rs. 247.51","235.13

 247.51","235.13

 247.51",10
"Eventone-C Cream 30g

Rs. 1,947.50

Rs. 2,050.00","1,947.50

 2,050.00","1,947.50

 2,050.00",10
"Iroxide-F Tablets 100mg + 0.35mg (1 Box = 3 Strips) (1 Strip = 10 Tablets)

Rs. 107.70

Rs. 113.33","107.70

 113.33","107.70

 113.33",10
"Fibre One Cereals

Rs. 213.78

Rs. 225.00","213.78

 225.00","213.78

 225.00",10
"Healthaid Iro Active Capsules (1 Box = 30 Capsules)

Rs. 1,900.00

Rs. 2,000.00","1,900.00

 2,000.00","1,900.00

 2,000.00",10
"Iroxide-F Tablets 100mg + 0.35mg (1 Box = 3 Strips) (1 Strip = 10 Tablets)

Rs. 107.70

Rs. 113.33","107.70

 113.33","107.70

 113.33",11
"Persch 30ml Syrup 1mg/Ml

Rs. 503.50

Rs. 530.00","503.50

 530.00","503.50

 530.00",11
"Kleen Enema Rectal Liquid 135ml

Rs. 237.50

Rs. 250.00","237.50

 250.00","237.50

 250.00",11
"Iroxide-F Tablets 100mg + 0.35mg (1 Box = 3 Strips) (1 Strip = 10 Tablets)

Rs. 107.70

Rs. 113.33","107.70

 113.33","107.70

 113.33",11
"Myteka Tablets 10mg (1 Strip = 7 Tablets)

Rs. 2,427.25

Rs. 2,554.96","2,427.25

 2,554.96","2,427.25

 2,554.96",11
"Sangobion Capsules (1 Strip = 10 Capsules)

Rs. 346.75

Rs. 364.99","346.75

 364.99","346.75

 364.99",11
"Dicloran Topical Gel 30g

Rs. 242.25

Rs. 255.00","242.25

 255.00","242.25

 255.00",11
"Montika Tablets 10mg (1 Box = 2 Strips) (1 Strip = 7 Tablets)

Rs. 484.54

Rs. 510.00","484.54

 510.00","484.54

 510.00",11
"Persch 30ml Syrup 1mg/Ml

Rs. 503.50

Rs. 530.00","503.50

 530.00","503.50

 530.00",11
"Iroxide-F Tablets 100mg + 0.35mg (1 Box = 3 Strips) (1 Strip = 10 Tablets)

Rs. 107.70

Rs. 113.33","107.70

 113.33","107.70

 113.33",11
"Oxyclor Tablets 200mg (1 Box = 3 Strips) (1 Strip = 10 Tablets)

Rs. 500.10

Rs. 526.41","500.10

 526.41","500.10

 526.41",11
"Myteka Tablets 10mg (1 Strip = 7 Tablets)

Rs. 2,427.25

Rs. 2,554.96","2,427.25

 2,554.96","2,427.25

 2,554.96",11
"Triforge Tablets 10/160/12.5mg (1 Box = 4 Strips) (1 Strip = 7 Tablets)

Rs. 452.20

Rs. 476.00","452.20

 476.00","452.20

 476.00",11
"Fibre One Cereals

Rs. 213.78

Rs. 225.00","213.78

 225.00","213.78

 225.00",11
"Sita-Met Tablets 50/500mg (1 Strip = 7 Tablets)

Rs. 304.57

Rs. 320.62","304.57

 320.62","304.57

 320.62",11
"Ondaset Tablets 8mg (1 Box = 10 Tablets)

Rs. 379.10

Rs. 399.00","379.10

 399.00","379.10

 399.00",11
"Terbimax Tablets 250mg (1 Box = 1 Strip)(1 Strip = 10 Tablets)

Rs. 807.50

Rs. 850.00","807.50

 850.00","807.50

 850.00",11
"Rocip Eye Drops 5ml

Rs. 45.45

Rs. 47.84","45.45

 47.84","45.45

 47.84",12
"Myteka Tablets 10mg (1 Strip = 7 Tablets)

Rs. 2,427.25

Rs. 2,554.96","2,427.25

 2,554.96","2,427.25

 2,554.96",12
"Tamsolin-S Tablets 0.4mg+6 Mg (1 Strip = 10 Tablets)

Rs. 1,367.10

Rs. 1,439.00","1,367.10

 1,439.00","1,367.10

 1,439.00",12
"Artheget-Ez Tablets 80mg+480mg (1 Box = 2 Strips) (1 Strip = 3 Tablets)

Rs. 585.18

Rs. 616.00","585.18

 616.00","585.18

 616.00",12
"Funge Tablets 250mg (1 Box = 2 Strips) (1 Strip = 5 Tablets)

Rs. 760.00

Rs. 800.00","760.00

 800.00","760.00

 800.00",12
"Ondaset Tablets 8mg (1 Box = 10 Tablets)

Rs. 379.10

Rs. 399.00","379.10

 399.00","379.10

 399.00",12
"Montika Tablets 10mg (1 Box = 2 Strips) (1 Strip = 7 Tablets)

Rs. 484.54

Rs. 510.00","484.54

 510.00","484.54

 510.00",12
"Tracnesan Cream 0.05% 10g

Rs. 235.13

Rs. 247.51","235.13

 247.51","235.13

 247.51",12
"Plarvy Cough Syrup 120ml

Rs. 370.50

Rs. 390.00","370.50

 390.00","370.50

 390.00",12
"Persch 30ml Syrup 1mg/Ml

Rs. 503.50

Rs. 530.00","503.50

 530.00","503.50

 530.00",12
"Multical-1000 Sachets (1 Box = 10 Sachets)

Rs. 23.75

Rs. 25.00","23.75

 25.00","23.75

 25.00",12
"Funge Tablets 250mg (1 Box = 2 Strips) (1 Strip = 5 Tablets)

Rs. 760.00

Rs. 800.00","760.00

 800.00","760.00

 800.00",12
"Tracnesan Cream 0.05% 10g

Rs. 235.13

Rs. 247.51","235.13

 247.51","235.13

 247.51",12
"Tracnesan Cream 0.05% 10g

Rs. 235.13

Rs. 247.51","235.13

 247.51","235.13

 247.51",12
"Persch 30ml Syrup 1mg/Ml

Rs. 503.50

Rs. 530.00","503.50

 530.00","503.50

 530.00",12
"Healthaid Iro Active Capsules (1 Box = 30 Capsules)

Rs. 1,900.00

Rs. 2,000.00","1,900.00

 2,000.00","1,900.00

 2,000.00",12
"Cefspan Capsules 400mg (1 Bottle = 5 Capsules)

Rs. 693.50

Rs. 730.00","693.50

 730.00","693.50

 730.00",13
"Kleen Enema Rectal Liquid 135ml

Rs. 237.50

Rs. 250.00","237.50

 250.00","237.50

 250.00",13
"Atcomid Tablets 100mg (1 Box = 1 Strip)(1 Strip = 14 Tablets)

Rs. 665.00

Rs. 700.00","665.00

 700.00","665.00

 700.00",13
"Covam Plus Tablets 10mg+160mg+25mg (1 Box = 4 Strips) (1 Strip = 7 Tablets)

Rs. 584.36

Rs. 615.00","584.36

 615.00","584.36

 615.00",13
"Tracnesan Cream 0.05% 10g

Rs. 235.13

Rs. 247.51","235.13

 247.51","235.13

 247.51",13
"Plarvy Cough Syrup 120ml

Rs. 370.50

Rs. 390.00","370.50

 390.00","370.50

 390.00",13
"Kleen Enema Rectal Liquid 135ml

Rs. 237.50

Rs. 250.00","237.50

 250.00","237.50

 250.00",13
"Tracnesan Cream 0.05% 10g

Rs. 235.13

Rs. 247.51","235.13

 247.51","235.13

 247.51",13
"Inosita Plus Xr Tablets 50mg/500mg (1 Box = 2 Strips) (1 Strip = 7 Tablets)

Rs. 651.70

Rs. 686.00","651.70

 686.00","651.70

 686.00",13
"Tasmi Tablets 40mg (1 Strip = 7 Tablets)

Rs. 35.63

Rs. 37.50","35.63

 37.50","35.63

 37.50",13
"Sangobion Capsules (1 Strip = 10 Capsules)

Rs. 346.75

Rs. 364.99","346.75

 364.99","346.75

 364.99",14
"Eventone-C Cream 30g

Rs. 1,947.50

Rs. 2,050.00","1,947.50

 2,050.00","1,947.50

 2,050.00",14
"Iroxide-F Tablets 100mg + 0.35mg (1 Box = 3 Strips) (1 Strip = 10 Tablets)

Rs. 107.70

Rs. 113.33","107.70

 113.33","107.70

 113.33",14
"Fungone Capsules 150mg (1 Box = 1 Capsule)

Rs. 251.75

Rs. 265.00","251.75

 265.00","251.75

 265.00",14
"Allergen-Specific Immunoglobulin E (Ige) Test

Rs. 2,384.50

Rs. 2,510.00","2,384.50

 2,510.00","2,384.50

 2,510.00",14
"Fibre One Cereals

Rs. 35.63

Rs. 37.50","35.63

 37.50","35.63

 37.50",14
"Fibre One Cereals

Rs. 35.63

Rs. 37.50","35.63

 37.50","35.63

 37.50",14
"Vilanto-U Dpi Capsules 62.5mcg+25mcg (1 Box = 3 Strips) (1 Strip = 10 Capsules)

Rs. 348.30

Rs. 366.67","348.30

 366.67","348.30

 366.67",14
"Sinemet Tablets 25mg/250mg (1 Strip = 10 Tablets)

Rs. 269.30

Rs. 283.52","269.30

 283.52","269.30

 283.52",14
"Dijex Mp Mixed Fruit Suspension 120ml

Rs. 42.02

Rs. 44.23","42.02

 44.23","42.02

 44.23",14
"Montika Tablets 10mg (1 Box = 2 Strips) (1 Strip = 7 Tablets)

Rs. 484.54

Rs. 510.00","484.54

 510.00","484.54

 510.00",14
"Nassa Tablets 15mg (1 Strip = 10 Tablets)

Rs. 323.00

Rs. 340.00","323.00

 340.00","323.00

 340.00",14
"Dicloran Topical Gel 30g

Rs. 242.25

Rs. 255.00","242.25

 255.00","242.25

 255.00",14
"Dicloran Topical Gel 30g

Rs. 242.25

Rs. 255.00","242.25

 255.00","242.25

 255.00",14
"Brivace Tablets 50mg (1 Box = 2 Strips) (1 Strip = 7 Tablets)

Rs. 1,309.14

Rs. 1,378.00","1,309.14

 1,378.00","1,309.14

 1,378.00",15
"Sangobion Capsules (1 Strip = 10 Capsules)

Rs. 346.75

Rs. 364.99","346.75

 364.99","346.75

 364.99",15
"Fibre One Cereals

Rs. 35.63

Rs. 37.50","35.63

 37.50","35.63

 37.50",15
"Montika Tablets 10mg (1 Box = 2 Strips) (1 Strip = 7 Tablets)

Rs. 484.54

Rs. 510.00","484.54

 510.00","484.54

 510.00",15
"Nassa Tablets 15mg (1 Strip = 10 Tablets)

Rs. 323.00

Rs. 340.00","323.00

 340.00","323.00

 340.00",15
"Tracnesan Cream 0.05% 10g

Rs. 235.13

Rs. 247.51","235.13

 247.51","235.13

 247.51",15
"Lamictal Tablets 100mg (1 Strip = 15 Tablets)

Rs. 1,852.35

Rs. 1,949.81","1,852.35

 1,949.81","1,852.35

 1,949.81",15
"Flucon 35ml Suspension 50mg

Rs. 334.42

Rs. 352.02","334.42

 352.02","334.42

 352.02",15
"Terbimax Tablets 250mg (1 Box = 1 Strip)(1 Strip = 10 Tablets)

Rs. 807.50

Rs. 850.00","807.50

 850.00","807.50

 850.00",15
"Nassa Tablets 15mg (1 Strip = 10 Tablets)

Rs. 323.00

Rs. 340.00","323.00

 340.00","323.00

 340.00",15
"Sinemet Tablets 25mg/250mg (1 Strip = 10 Tablets)

Rs. 269.30

Rs. 283.52","269.30

 283.52","269.30

 283.52",15
"Tracnesan Cream 0.05% 10g

Rs. 235.13

Rs. 247.51","235.13

 247.51","235.13

 247.51",15
"Montika Tablets 10mg (1 Box = 2 Strips) (1 Strip = 7 Tablets)

Rs. 484.54

Rs. 510.00","484.54

 510.00","484.54

 510.00",15
"Vilanto-U Dpi Capsules 62.5mcg+25mcg (1 Box = 3 Strips) (1 Strip = 10 Capsules)

Rs. 348.30

Rs. 366.67","348.30

 366.67","348.30

 366.67",15
"Persch 30ml Syrup 1mg/Ml

Rs. 503.50

Rs. 530.00","503.50

 530.00","503.50

 530.00",15
"Vilanto-U Dpi Capsules 62.5mcg+25mcg (1 Box = 3 Strips) (1 Strip = 10 Capsules)

Rs. 348.30

Rs. 366.67","348.30

 366.67","348.30

 366.67",15
"Polybion Forte Syrup 120ml

Rs. 161.50

Rs. 170.00","161.50

 170.00","161.50

 170.00",16
"Montika Tablets 10mg (1 Box = 2 Strips) (1 Strip = 7 Tablets)

Rs. 484.54

Rs. 510.00","484.54

 510.00","484.54

 510.00",16
"Rupataget Tablets 10mg (1 Box = 2 Strips) (1 Strip = 7 Tablets)

Rs. 166.25

Rs. 175.00","166.25

 175.00","166.25

 175.00",16
"Cova-H Tablets 160mg+12.5mg (1 Box = 28 Tablets)

Rs. 874.44

Rs. 920.40","874.44

 920.40","874.44

 920.40",16
"Healthaid Iro Active Capsules (1 Box = 30 Capsules)

Rs. 1,900.00

Rs. 2,000.00","1,900.00

 2,000.00","1,900.00

 2,000.00",16
"Rocip Eye Drops 5ml

Rs. 45.45

Rs. 47.84","45.45

 47.84","45.45

 47.84",16
"Cartigen Tablets 500/400mg (1 Box = 4 Strips) (1 Strip = 5 Tablets)

Rs. 1,330.00

Rs. 1,400.00","1,330.00

 1,400.00","1,330.00

 1,400.00",16
"Tenofo-B Tablets 300mg

Rs. 4,065.90

Rs. 4,280.00","4,065.90

 4,280.00","4,065.90

 4,280.00",16
"Kleen Enema Rectal Liquid 135ml

Rs. 237.50

Rs. 250.00","237.50

 250.00","237.50

 250.00",16
"Persch 30ml Syrup 1mg/Ml

Rs. 503.50

Rs. 530.00","503.50

 530.00","503.50

 530.00",16
"Ondaset Tablets 8mg (1 Box = 10 Tablets)

Rs. 379.10

Rs. 399.00","379.10

 399.00","379.10

 399.00",16
"Tracnesan Cream 0.05% 10g

Rs. 235.13

Rs. 247.51","235.13

 247.51","235.13

 247.51",16
"Eventone-C Cream 30g

Rs. 1,947.50

Rs. 2,050.00","1,947.50

 2,050.00","1,947.50

 2,050.00",16
"Rosemary Oil 10ml

Rs. 921.50

Rs. 970.00","921.50

 970.00","921.50

 970.00",16
"Hytrin Tablets 5mg (1 Strip = 10 Tablets)

Rs. 845.70

Rs. 890.22","845.70

 890.22","845.70

 890.22",16
"Flucon 35ml Suspension 50mg

Rs. 334.42

Rs. 352.02","334.42

 352.02","334.42

 352.02",16
"Plarvy Cough Syrup 120ml

Rs. 370.50

Rs. 390.00","370.50

 390.00","370.50

 390.00",16
"Gravibinan Im Injection 5mg/2ml (1 Box = 1 Injection)

Rs. 15.97

Rs. 16.81","15.97

 16.81","15.97

 16.81",16
"Kleen Enema Rectal Liquid 135ml

Rs. 237.50

Rs. 250.00","237.50

 250.00","237.50

 250.00",17
"Mixel 30ml Suspension 100mg/5ml

Rs. 304.95

Rs. 321.00","304.95

 321.00","304.95

 321.00",17
"Tracnesan Cream 0.05% 10g

Rs. 235.13

Rs. 247.51","235.13

 247.51","235.13

 247.51",17
"Vilanto-U Dpi Capsules 62.5mcg+25mcg (1 Box = 3 Strips) (1 Strip = 10 Capsules)

Rs. 348.30

Rs. 366.67","348.30

 366.67","348.30

 366.67",17
"Tamsolin-S Tablets 0.4mg+6 Mg (1 Strip = 10 Tablets)

Rs. 1,367.10

Rs. 1,439.00","1,367.10

 1,439.00","1,367.10

 1,439.00",17
"Sangobion Capsules (1 Strip = 10 Capsules)

Rs. 346.75

Rs. 364.99","346.75

 364.99","346.75

 364.99",17
"Tamsolin-S Tablets 0.4mg+6 Mg (1 Strip = 10 Tablets)

Rs. 1,367.10

Rs. 1,439.00","1,367.10

 1,439.00","1,367.10

 1,439.00",17
"Nassa Tablets 15mg (1 Strip = 10 Tablets)

Rs. 323.00

Rs. 340.00","323.00

 340.00","323.00

 340.00",17
"Multical-1000 Sachets (1 Box = 10 Sachets)

Rs. 23.75

Rs. 25.00","23.75

 25.00","23.75

 25.00",17
"Kleen Enema Rectal Liquid 135ml

Rs. 237.50

Rs. 250.00","237.50

 250.00","237.50

 250.00",17
"Herbiotics Folic Acid Tablets 400mcg (1 Bottle = 60 Tablets)

Rs. 712.50

Rs. 750.00","712.50

 750.00","712.50

 750.00",17
"Rocip Eye Drops 5ml

Rs. 45.45

Rs. 47.84","45.45

 47.84","45.45

 47.84",17
"Tracnesan Cream 0.05% 10g

Rs. 235.13

Rs. 247.51","235.13

 247.51","235.13

 247.51",17
"Sinemet Tablets 25mg/250mg (1 Strip = 10 Tablets)

Rs. 269.30

Rs. 283.52","269.30

 283.52","269.30

 283.52",17
"Kleen Enema Rectal Liquid 135ml

Rs. 237.50

Rs. 250.00","237.50

 250.00","237.50

 250.00",17
"Tracnesan Cream 0.05% 10g

Rs. 235.13

Rs. 247.51","235.13

 247.51","235.13

 247.51",17
"Ondaset Tablets 8mg (1 Box = 10 Tablets)

Rs. 379.10

Rs. 399.00","379.10

 399.00","379.10

 399.00",17
"Flucon 35ml Suspension 50mg

Rs. 334.42

Rs. 352.02","334.42

 352.02","334.42

 352.02",18
"Plarvy Cough Syrup 120ml

Rs. 370.50

Rs. 390.00","370.50

 390.00","370.50

 390.00",18
"Covam Plus Tablets 10mg+160mg+25mg (1 Box = 4 Strips) (1 Strip = 7 Tablets)

Rs. 584.36

Rs. 615.00","584.36

 615.00","584.36

 615.00",18
"Fibre One Cereals

Rs. 35.63

Rs. 37.50","35.63

 37.50","35.63

 37.50",18
"Healthaid Iro Active Capsules (1 Box = 30 Capsules)

Rs. 1,900.00

Rs. 2,000.00","1,900.00

 2,000.00","1,900.00

 2,000.00",18
"Tamsolin-S Tablets 0.4mg+6 Mg (1 Strip = 10 Tablets)

Rs. 1,367.10

Rs. 1,439.00","1,367.10

 1,439.00","1,367.10

 1,439.00",18
"Terbimax Tablets 250mg (1 Box = 1 Strip)(1 Strip = 10 Tablets)

Rs. 807.50

Rs. 850.00","807.50

 850.00","807.50

 850.00",18
"Plarvy Cough Syrup 120ml

Rs. 370.50

Rs. 390.00","370.50

 390.00","370.50

 390.00",18
"Vozdow Tablets 10mg (1 Box = 3 Strips) (1 Strip = 10 Tablets)

Rs. 247.00

Rs. 260.00","247.00

 260.00","247.00

 260.00",18
"Fibre One Cereals

Rs. 35.63

Rs. 37.50","35.63

 37.50","35.63

 37.50",18
"Ondaset Tablets 8mg (1 Box = 10 Tablets)

Rs. 379.10

Rs. 399.00","379.10

 399.00","379.10

 399.00",18
"Rifaxa Tablets 200mg (1 Box = 1 Strip)(1 Strip = 10 Tablets)

Rs. 408.50

Rs. 430.00","408.50

 430.00","408.50

 430.00",18
"Tenofo-B Tablets 300mg

Rs. 4,065.90

Rs. 4,280.00","4,065.90

 4,280.00","4,065.90

 4,280.00",18
"Kleen Enema Rectal Liquid 135ml

Rs. 237.50

Rs. 250.00","237.50

 250.00","237.50

 250.00",18
"Ivermite Tablets 6mg (1 Box = 1 Strip)(1 Strip = 10 Tablets)

Rs. 428.50

Rs. 451.00","428.50

 451.00","428.50

 451.00",18
"Healthaid Iro Active Capsules (1 Box = 30 Capsules)

Rs. 1,900.00

Rs. 2,000.00","1,900.00

 2,000.00","1,900.00

 2,000.00",18
"Mirabet Tablets 50mg (1 Box = 2 Strips) (1 Strip = 10 Tablets)

Rs. 2,102.20

Rs. 2,212.74","2,102.20

 2,212.74","2,102.20

 2,212.74",18
"Plarvy Cough Syrup 120ml

Rs. 370.50

Rs. 390.00","370.50

 390.00","370.50

 390.00",19
"Flutiaze Nasal Spray 137mcg + 50mcg

Rs. 788.50

Rs. 830.00","788.50

 830.00","788.50

 830.00",19
"Rocip Eye Drops 5ml

Rs. 45.45

Rs. 47.84","45.45

 47.84","45.45

 47.84",19
"Cefspan Capsules 400mg (1 Bottle = 5 Capsules)

Rs. 693.50

Rs. 730.00","693.50

 730.00","693.50

 730.00",19
"Lamictal Tablets 100mg (1 Strip = 15 Tablets)

Rs. 1,852.35

Rs. 1,949.81","1,852.35

 1,949.81","1,852.35

 1,949.81",19
"Xcept Tablets 10mg (1 Box = 1 Strip)(1 Strip = 10 Tablets)

Rs. 508.30

Rs. 535.00","508.30

 535.00","508.30

 535.00",19
"Covam Plus Tablets 10mg+160mg+25mg (1 Box = 4 Strips) (1 Strip = 7 Tablets)

Rs. 584.36

Rs. 615.00","584.36

 615.00","584.36

 615.00",19
"Ondaset Tablets 8mg (1 Box = 10 Tablets)

Rs. 379.10

Rs. 399.00","379.10

 399.00","379.10

 399.00",19
"Healthaid Iro Active Capsules (1 Box = 30 Capsules)

Rs. 1,900.00

Rs. 2,000.00","1,900.00

 2,000.00","1,900.00

 2,000.00",19
"Fibre One Cereals

Rs. 35.63

Rs. 37.50","35.63

 37.50","35.63

 37.50",19
"Hytrin Tablets 5mg (1 Strip = 10 Tablets)

Rs. 845.70

Rs. 890.22","845.70

 890.22","845.70

 890.22",19
"Covam Plus Tablets 10mg+160mg+25mg (1 Box = 4 Strips) (1 Strip = 7 Tablets)

Rs. 584.36

Rs. 615.00","584.36

 615.00","584.36

 615.00",19
"Lamictal Tablets 100mg (1 Strip = 15 Tablets)

Rs. 1,852.35

Rs. 1,949.81","1,852.35

 1,949.81","1,852.35

 1,949.81",19
"Flucon 35ml Suspension 50mg

Rs. 334.42

Rs. 352.02","334.42

 352.02","334.42

 352.02",19
"Terbimax Tablets 250mg (1 Box = 1 Strip)(1 Strip = 10 Tablets)

Rs. 807.50

Rs. 850.00","807.50

 850.00","807.50

 850.00",19
"Terbimax Tablets 250mg (1 Box = 1 Strip)(1 Strip = 10 Tablets)

Rs. 807.50

Rs. 850.00","807.50

 850.00","807.50

 850.00",19
"Kleen Enema Rectal Liquid 135ml

Rs. 237.50

Rs. 250.00","237.50

 250.00","237.50

 250.00",19
"Eventone-C Cream 30g

Rs. 1,947.50

Rs. 2,050.00","1,947.50

 2,050.00","1,947.50

 2,050.00",20
"Fibre One Cereals

Rs. 35.63

Rs. 37.50","35.63

 37.50","35.63

 37.50",20
"Tenofo-B Tablets 300mg

Rs. 4,065.90

Rs. 4,280.00","4,065.90

 4,280.00","4,065.90

 4,280.00",20
"Cefspan Capsules 400mg (1 Bottle = 5 Capsules)

Rs. 693.50

Rs. 730.00","693.50

 730.00","693.50

 730.00",20
"Cefspan Capsules 400mg (1 Bottle = 5 Capsules)

Rs. 693.50

Rs. 730.00","693.50

 730.00","693.50

 730.00",20
"Paraxyl Cr Tablets 37.5mg (1 Box = 1 Strip) (1 Strip = 10 Tablets)

Rs. 644.90

Rs. 678.84","644.90

 678.84","644.90

 678.84",20
"Tamsolin-S Tablets 0.4mg+6 Mg (1 Strip = 10 Tablets)

Rs. 1,367.10

Rs. 1,439.00","1,367.10

 1,439.00","1,367.10

 1,439.00",20
"Lamictal Tablets 100mg (1 Strip = 15 Tablets)

Rs. 1,852.35

Rs. 1,949.81","1,852.35

 1,949.81","1,852.35

 1,949.81",20
"Kleen Enema Rectal Liquid 135ml

Rs. 237.50

Rs. 250.00","237.50

 250.00","237.50

 250.00",20
"Kleen Enema Rectal Liquid 135ml

Rs. 237.50

Rs. 250.00","237.50

 250.00","237.50

 250.00",20
"Plarvy Cough Syrup 120ml

Rs. 370.50

Rs. 390.00","370.50

 390.00","370.50

 390.00",20
"Fcm Iv Injection 500mg/10ml (1 Box = 1 Injection)

Rs. 2,327.50

Rs. 2,450.00","2,327.50

 2,450.00","2,327.50

 2,450.00",20
"Klaricid 60ml Suspension 125mg/5ml

Rs. 549.64

Rs. 578.57","549.64

 578.57","549.64

 578.57",20
"Tracnesan Cream 0.05% 10g

Rs. 235.13

Rs. 247.51","235.13

 247.51","235.13

 247.51",20
"Persch 30ml Syrup 1mg/Ml

Rs. 503.50

Rs. 530.00","503.50

 530.00","503.50

 530.00",20
"Kleen Enema Rectal Liquid 135ml

Rs. 237.50

Rs. 250.00","237.50

 250.00","237.50

 250.00",20
"Myteka Tablets 10mg (1 Strip = 7 Tablets)

Rs. 263.62

Rs. 277.50","263.62

 277.50","263.62

 277.50",21
"Kleen Enema Rectal Liquid 135ml

Rs. 237.50

Rs. 250.00","237.50

 250.00","237.50

 250.00",21
"Iroxide-F Tablets 100mg + 0.35mg (1 Box = 3 Strips) (1 Strip = 10 Tablets)

Rs. 107.70

Rs. 113.33","107.70

 113.33","107.70

 113.33",21
"Risperiget Tablets 2mg (1 Strip = 10 Tablets)

Rs. 315.90

Rs. 332.50","315.90

 332.50","315.90

 332.50",21
"Tamsolin-S Tablets 0.4mg+6 Mg (1 Strip = 10 Tablets)

Rs. 1,367.10

Rs. 1,439.00","1,367.10

 1,439.00","1,367.10

 1,439.00",21
"Persch 30ml Syrup 1mg/Ml

Rs. 503.50

Rs. 530.00","503.50

 530.00","503.50

 530.00",21
"Zeegap Capsules 75mg (1 Box = 2 Strips) (1 Strip = 14 Capsules)

Rs. 373.60

Rs. 393.21","373.60

 393.21","373.60

 393.21",21
"Tenofo-B Tablets 300mg

Rs. 4,065.90

Rs. 4,280.00","4,065.90

 4,280.00","4,065.90

 4,280.00",21
"Calamox Ds 90ml Suspension 312.50mg/5ml

Rs. 327.10

Rs. 344.32","327.10

 344.32","327.10

 344.32",21
"Eventone-C Cream 30g

Rs. 1,947.50

Rs. 2,050.00","1,947.50

 2,050.00","1,947.50

 2,050.00",21
"Savesto 200 Tablets 97mg +103mg (1 Box = 2 Strips) (1 Strip = 7 Tablets)

Rs. 605.64

Rs. 637.50","605.64

 637.50","605.64

 637.50",21
"Gvia-M Tablets 50mg/1000mg (1 Strip = 7 Tablets)

Rs. 259.35

Rs. 273.00","259.35

 273.00","259.35

 273.00",21
"Flucon 35ml Suspension 50mg

Rs. 334.42

Rs. 352.02","334.42

 352.02","334.42

 352.02",21
"Persch 30ml Syrup 1mg/Ml

Rs. 503.50

Rs. 530.00","503.50

 530.00","503.50

 530.00",21
"Cefspan Capsules 400mg (1 Bottle = 5 Capsules)

Rs. 693.50

Rs. 730.00","693.50

 730.00","693.50

 730.00",21
"Kleen Enema Rectal Liquid 135ml

Rs. 237.50

Rs. 250.00","237.50

 250.00","237.50

 250.00",21
"Atcomid Tablets 100mg (1 Box = 1 Strip)(1 Strip = 14 Tablets)

Rs. 665.00

Rs. 700.00","665.00

 700.00","665.00

 700.00",22
"Brivace Tablets 100mg (1 Box = 2 Strips) (1 Strip = 7 Tablets)

Rs. 171.00

Rs. 180.00","171.00

 180.00","171.00

 180.00",22
"Vilanto-U Dpi Capsules 62.5mcg+25mcg (1 Box = 3 Strips) (1 Strip = 10 Capsules)

Rs. 348.30

Rs. 366.67","348.30

 366.67","348.30

 366.67",22
"Sedil Tablets 10mg (1 Box = 3 Strips) (1 Strip = 10 Tablets)

Rs. 288.90

Rs. 304.26","288.90

 304.26","288.90

 304.26",22
"Eventone-C Cream 30g

Rs. 1,947.50

Rs. 2,050.00","1,947.50

 2,050.00","1,947.50

 2,050.00",22
"Nutrifactor Biotin Plus Tablets 2500mcg (1 Bottle = 30 Tablets)

Rs. 697.32

Rs. 734.02","697.32

 734.02","697.32

 734.02",22
"Cefspan Capsules 400mg (1 Bottle = 5 Capsules)

Rs. 693.50

Rs. 730.00","693.50

 730.00","693.50

 730.00",22
"Dicloran Topical Gel 30g

Rs. 242.25

Rs. 255.00","242.25

 255.00","242.25

 255.00",22
"Healthaid Osteovit-D Calcium Plus Tablets (1 Box = 30 Tablets)

Rs. 1,681.50

Rs. 1,770.00","1,681.50

 1,770.00","1,681.50

 1,770.00",22
"Flucon 35ml Suspension 50mg

Rs. 334.42

Rs. 352.02","334.42

 352.02","334.42

 352.02",22
"Neurobion Tablets (1 Strip = 10 Tablets)

Rs. 136.10

Rs. 143.23","136.10

 143.23","136.10

 143.23",22
"Descol Tablets 20mg (1 Box = 1 Strip)(1 Strip = 10 Tablets)

Rs. 361.00

Rs. 380.00","361.00

 380.00","361.00

 380.00",22
"Plarvy Cough Syrup 120ml

Rs. 370.50

Rs. 390.00","370.50

 390.00","370.50

 390.00",22
"Cadik Tablets (1 Bottle = 30 Tablets)

Rs. 736.26

Rs. 775.00","736.26

 775.00","736.26

 775.00",22
"Nutrifactor Biotin Plus Tablets 2500mcg (1 Bottle = 30 Tablets)

Rs. 697.32

Rs. 734.02","697.32

 734.02","697.32

 734.02",23
"Photonic Anti-Dandruf Shampoo 120ml

Rs. 980.69

Rs. 1,032.30","980.69

 1,032.30","980.69

 1,032.30",23
"Dermive Urea Lotion 100ml

Rs. 1,004.15

Rs. 1,057.00","1,004.15

 1,057.00","1,004.15

 1,057.00",23
"Myteka Tablets 10mg (1 Strip = 7 Tablets)

Rs. 263.62

Rs. 277.50","263.62

 277.50","263.62

 277.50",23
"Tenofo-B Tablets 300mg

Rs. 4,065.90

Rs. 4,280.00","4,065.90

 4,280.00","4,065.90

 4,280.00",23
"Persch 30ml Syrup 1mg/Ml

Rs. 503.50

Rs. 530.00","503.50

 530.00","503.50

 530.00",23
"Artheget-Ez Tablets 80mg+480mg (1 Box = 2 Strips) (1 Strip = 3 Tablets)

Rs. 585.18

Rs. 616.00","585.18

 616.00","585.18

 616.00",23
"Dayline Iv Injection 1g (1 Box = 1 Injection)

Rs. 456.00

Rs. 480.00","456.00

 480.00","456.00

 480.00",23
"Dermive Urea Lotion 100ml

Rs. 1,004.15

Rs. 1,057.00","1,004.15

 1,057.00","1,004.15

 1,057.00",23
"Sinemet Tablets 25mg/250mg (1 Strip = 10 Tablets)

Rs. 269.30

Rs. 283.52","269.30

 283.52","269.30

 283.52",23
"Lamictal Tablets 100mg (1 Strip = 15 Tablets)

Rs. 1,852.35

Rs. 1,949.81","1,852.35

 1,949.81","1,852.35

 1,949.81",23
"Plarvy Cough Syrup 120ml

Rs. 370.50

Rs. 390.00","370.50

 390.00","370.50

 390.00",23
"Persch 30ml Syrup 1mg/Ml

Rs. 503.50

Rs. 530.00","503.50

 530.00","503.50

 530.00",23
"Getfil Tablets 50mg (1 Box = 4 Tablets)

Rs. 380.00

Rs. 400.00","380.00

 400.00","380.00

 400.00",23
"Photonic Anti-Dandruf Shampoo 120ml

Rs. 980.69

Rs. 1,032.30","980.69

 1,032.30","980.69

 1,032.30",23
"Tracnesan Cream 0.05% 10g

Rs. 235.13

Rs. 247.51","235.13

 247.51","235.13

 247.51",24
"Sem-O Tablets 3mg (1 Box = 2 Strips) (1 Strip = 7 Tablets)

Rs. 1,163.75

Rs. 1,225.00","1,163.75

 1,225.00","1,163.75

 1,225.00",24
"Rocip Eye Drops 5ml

Rs. 45.45

Rs. 47.84","45.45

 47.84","45.45

 47.84",24
"Nogerd Tablets 50mg (1 Box = 1 Strip)(1 Strip = 10 Tablets)

Rs. 284.10

Rs. 299.00","284.10

 299.00","284.10

 299.00",24
"Brufen Duo Tablets 500/150mg (1 Box = 2 Strips) (1 Strip = 14 Tablets)

Rs. 140.14

Rs. 147.50","140.14

 147.50","140.14

 147.50",24
"Brivace Tablets 100mg (1 Box = 2 Strips) (1 Strip = 7 Tablets)

Rs. 171.00

Rs. 180.00","171.00

 180.00","171.00

 180.00",24
"Dermive Urea Lotion 100ml

Rs. 1,004.15

Rs. 1,057.00","1,004.15

 1,057.00","1,004.15

 1,057.00",24
"Ondaset Tablets 8mg (1 Box = 10 Tablets)

Rs. 379.10

Rs. 399.00","379.10

 399.00","379.10

 399.00",24
"Persch 30ml Syrup 1mg/Ml

Rs. 503.50

Rs. 530.00","503.50

 530.00","503.50

 530.00",24
"Photonic Anti-Dandruf Shampoo 120ml

Rs. 980.69

Rs. 1,032.30","980.69

 1,032.30","980.69

 1,032.30",24
"Vilanto-U Dpi Capsules 62.5mcg+25mcg (1 Box = 3 Strips) (1 Strip = 10 Capsules)

Rs. 348.30

Rs. 366.67","348.30

 366.67","348.30

 366.67",24
"Mirabet Tablets 50mg (1 Box = 2 Strips) (1 Strip = 10 Tablets)

Rs. 2,102.20

Rs. 2,212.74","2,102.20

 2,212.74","2,102.20

 2,212.74",24
"Rs. 2,102.20","2,212.74","503.50

 37.50",24
"Rs. 503.50

Rs. 37.50","503.50

 37.50","503.50

 37.50",24
"Montika Tablets 10mg (1 Box = 2 Strips) (1 Strip = 7 Tablets)

Rs. 484.54

Rs. 510.00","484.54

 510.00","484.54

 510.00",24
"Neurobion Tablets (1 Strip = 10 Tablets)

Rs. 136.10

Rs. 143.23","136.10

 143.23","136.10

 143.23",24
"Rocip Eye Drops 5ml

Rs. 45.45

Rs. 47.84","45.45

 47.84","45.45

 47.84",25
"Aprovel Tablets 150mg (1 Strip = 14 Tablets)

Rs. 270.48

Rs. 284.76","270.48

 284.76","270.48

 284.76",25
"Xarelto Tablets 20mg (1 Box = 14 Tablets)

Rs. 4,867.94

Rs. 5,124.13","4,867.94

 5,124.13","4,867.94

 5,124.13",25
"Vilanto-Uf Dpi Capsule 200mcg+62.5mcg+25mcg (1 Box = 3 Strips) (1 Strip = 10 Tablets)

Rs. 484.50

Rs. 510.00","484.50

 510.00","484.50

 510.00",25
"Paraxyl Cr Tablets 37.5mg (1 Box = 1 Strip) (1 Strip = 10 Tablets)

Rs. 644.90

Rs. 678.84","644.90

 678.84","644.90

 678.84",25
"Ondaset Tablets 8mg (1 Box = 10 Tablets)

Rs. 379.10

Rs. 399.00","379.10

 399.00","379.10

 399.00",25
"Artheget-Ez Tablets 80mg+480mg (1 Box = 2 Strips) (1 Strip = 3 Tablets)

Rs. 585.18

Rs. 616.00","585.18

 616.00","585.18

 616.00",25
"Photonic Anti-Dandruf Shampoo 120ml

Rs. 980.69

Rs. 1,032.30","980.69

 1,032.30","980.69

 1,032.30",25
"Tamsolin-S Tablets 0.4mg+6 Mg (1 Strip = 10 Tablets)

Rs. 1,367.10

Rs. 1,439.00","1,367.10

 1,439.00","1,367.10

 1,439.00",25
"Am-Telsan Tablets 5mg/40mg (1 Box = 2 Strips) (1 Strip = 7 Tablets)

Rs. 491.12

Rs. 517.00","491.12

 517.00","491.12

 517.00",25
"Healthaid Osteovit-D Calcium Plus Tablets (1 Box = 30 Tablets)

Rs. 1,681.50

Rs. 1,770.00","1,681.50

 1,770.00","1,681.50

 1,770.00",25
"Elgozon Tablets 200mg (1 Box = 10 Tablets)

Rs. 247.00

Rs. 260.00","247.00

 260.00","247.00

 260.00",25
"Elgozon Tablets 200mg (1 Box = 10 Tablets)

Rs. 247.00

Rs. 260.00","247.00

 260.00","247.00

 260.00",25
"Nutrifactor Biotin Plus Tablets 2500mcg (1 Bottle = 30 Tablets)

Rs. 697.32

Rs. 734.02","697.32

 734.02","697.32

 734.02",25
"Iroxide-F Tablets 100mg + 0.35mg (1 Box = 3 Strips) (1 Strip = 10 Tablets)

Rs. 107.70

Rs. 113.33","107.70

 113.33","107.70

 113.33",25
"Nutrifactor Biotin Plus Tablets 2500mcg (1 Bottle = 30 Tablets)

Rs. 697.32

Rs. 734.02","697.32

 734.02","697.32

 734.02",25
"Tamsolin-S Tablets 0.4mg+6 Mg (1 Strip = 10 Tablets)

Rs. 1,367.10

Rs. 1,439.00","1,367.10

 1,439.00","1,367.10

 1,439.00",26
"Eventone-C Cream 30g

Rs. 1,947.50

Rs. 2,050.00","1,947.50

 2,050.00","1,947.50

 2,050.00",26
"Tamsolin-S Tablets 0.4mg+6 Mg (1 Strip = 10 Tablets)

Rs. 1,367.10

Rs. 1,439.00","1,367.10

 1,439.00","1,367.10

 1,439.00",26
"Eventone-C Cream 30g

Rs. 1,947.50

Rs. 2,050.00","1,947.50

 2,050.00","1,947.50

 2,050.00",26
"Dicloran Topical Gel 30g

Rs. 242.25

Rs. 255.00","242.25

 255.00","242.25

 255.00",26
"Fibre One Cereals

Rs. 35.63

Rs. 37.50","35.63

 37.50","35.63

 37.50",26
"Tracnesan Cream 0.05% 10g

Rs. 235.13

Rs. 247.51","235.13

 247.51","235.13

 247.51",26
"Sinemet Tablets 25mg/250mg (1 Strip = 10 Tablets)

Rs. 269.30

Rs. 283.52","269.30

 283.52","269.30

 283.52",26
"Mirabet Tablets 50mg (1 Box = 2 Strips) (1 Strip = 10 Tablets)

Rs. 2,102.20

Rs. 2,212.74","2,102.20

 2,212.74","2,102.20

 2,212.74",26
"Sinemet Tablets 25mg/250mg (1 Strip = 10 Tablets)

Rs. 269.30

Rs. 283.52","269.30

 283.52","269.30

 283.52",26
"Mirabet Tablets 50mg (1 Box = 2 Strips) (1 Strip = 10 Tablets)

Rs. 2,102.20

Rs. 2,212.74","2,102.20

 2,212.74","2,102.20

 2,212.74",26
"Gvia-M Tablets 50mg/500mg (1 Strip = 7 Tablets)

Rs. 252.70

Rs. 266.00","252.70

 266.00","252.70

 266.00",26
"Nutrifactor Biotin Plus Tablets 2500mcg (1 Bottle = 30 Tablets)

Rs. 697.32

Rs. 734.02","697.32

 734.02","697.32

 734.02",26
"Dermive Urea Lotion 100ml

Rs. 1,004.15

Rs. 1,057.00","1,004.15

 1,057.00","1,004.15

 1,057.00",26
"Montika Tablets 10mg (1 Box = 2 Strips) (1 Strip = 7 Tablets)

Rs. 484.54

Rs. 510.00","484.54

 510.00","484.54

 510.00",26
"Vorcaz Tablets 200mg (1 Box = 1 Strip)(1 Strip = 10 Tablets)

Rs. 1,912.70

Rs. 2,013.38","1,912.70

 2,013.38","1,912.70

 2,013.38",26
"Tracnesan Cream 0.05% 10g

Rs. 235.13

Rs. 247.51","235.13

 247.51","235.13

 247.51",26
"Vorcaz Tablets 200mg (1 Box = 1 Strip)(1 Strip = 10 Tablets)

Rs. 1,912.70

Rs. 2,013.38","1,912.70

 2,013.38","1,912.70

 2,013.38",26
"Butyn Tablets 5mg (1 Strip = 10 Tablets)

Rs. 541.50

Rs. 570.00","541.50

 570.00","541.50

 570.00",27
"Brotin Tablets 2.5mg (1 Strip = 10 Tablets)

Rs. 224.20

Rs. 236.00","224.20

 236.00","224.20

 236.00",27
"Myteka Tablets 10mg (1 Strip = 7 Tablets)

Rs. 263.62

Rs. 277.50","263.62

 277.50","263.62

 277.50",27
"Fdl Ringer Infusion 500ml

Rs. 287.79

Rs. 302.94","287.79

 302.94","287.79

 302.94",27
"Flutiaze Nasal Spray 137mcg + 50mcg

Rs. 788.50

Rs. 830.00","788.50

 830.00","788.50

 830.00",27
"Flutiaze Nasal Spray 137mcg + 50mcg

Rs. 788.50

Rs. 830.00","788.50

 830.00","788.50

 830.00",27
"Nutrifactor Biotin Plus Tablets 2500mcg (1 Bottle = 30 Tablets)

Rs. 697.32

Rs. 734.02","697.32

 734.02","697.32

 734.02",27
"Flutiaze Nasal Spray 137mcg + 50mcg

Rs. 788.50

Rs. 830.00","788.50

 830.00","788.50

 830.00",27
"Montika Tablets 10mg (1 Box = 2 Strips) (1 Strip = 7 Tablets)

Rs. 484.54

Rs. 510.00","484.54

 510.00","484.54

 510.00",27
"Iroxide-F Tablets 100mg + 0.35mg (1 Box = 3 Strips) (1 Strip = 10 Tablets)

Rs. 107.70

Rs. 113.33","107.70

 113.33","107.70

 113.33",27
"Flucon 35ml Suspension 50mg

Rs. 334.42

Rs. 352.02","334.42

 352.02","334.42

 352.02",27
"Flucon 35ml Suspension 50mg

Rs. 334.42

Rs. 352.02","334.42

 352.02","334.42

 352.02",27
"Fcm Iv Injection 500mg/10ml (1 Box = 1 Injection)

Rs. 2,327.50

Rs. 2,450.00","2,327.50

 2,450.00","2,327.50

 2,450.00",28
"Bismol Suspension 120ml

Rs. 142.50

Rs. 150.00","142.50

 150.00","142.50

 150.00",28
"Tamsolin-S Tablets 0.4mg+6 Mg (1 Strip = 10 Tablets)

Rs. 1,367.10

Rs. 1,439.00","1,367.10

 1,439.00","1,367.10

 1,439.00",28
"Fibre One Cereals

Rs. 35.63

Rs. 37.50","35.63

 37.50","35.63

 37.50",28
"Kleen Enema Rectal Liquid 135ml

Rs. 237.50

Rs. 250.00","237.50

 250.00","237.50

 250.00",28
"Coversyl Tablets 8mg (1 Box = 1 Strip)(1 Strip = 10 Tablets)

Rs. 598.50

Rs. 630.00","598.50

 630.00","598.50

 630.00",28
"Dicloran Topical Gel 30g

Rs. 242.25

Rs. 255.00","242.25

 255.00","242.25

 255.00",28
"Scirica Capsules 100mg (1 Box = 2 Strips) (1 Strip = 7 Tablets)

Rs. 126.28

Rs. 132.93","126.28

 132.93","126.28

 132.93",28
"Montika Tablets 10mg (1 Box = 2 Strips) (1 Strip = 7 Tablets)

Rs. 484.54

Rs. 510.00","484.54

 510.00","484.54

 510.00",28
"Dicloran Topical Gel 30g

Rs. 242.25

Rs. 255.00","242.25

 255.00","242.25

 255.00",28
"Sinemet Tablets 25mg/250mg (1 Strip = 10 Tablets)

Rs. 269.30

Rs. 283.52","269.30

 283.52","269.30

 283.52",28
"Cefspan Capsules 400mg (1 Bottle = 5 Capsules)

Rs. 693.50

Rs. 730.00","693.50

 730.00","693.50

 730.00",28
"D-Calcium Tablets (1 Strip = 10 Tablets)

Rs. 150.40

Rs. 158.33","150.40

 158.33","150.40

 158.33",28
"Cefspan Capsules 400mg (1 Bottle = 5 Capsules)

Rs. 693.50

Rs. 730.00","693.50

 730.00","693.50

 730.00",28
"Artheget-Ez Tablets 80mg+480mg (1 Box = 2 Strips) (1 Strip = 3 Tablets)

Rs. 585.18

Rs. 616.00","585.18

 616.00","585.18

 616.00",28
"Gvia-M Tablets 50mg/500mg (1 Strip = 7 Tablets)

Rs. 252.70

Rs. 266.00","252.70

 266.00","252.70

 266.00",29
"Sinemet Tablets 25mg/250mg (1 Strip = 10 Tablets)

Rs. 269.30

Rs. 283.52","269.30

 283.52","269.30

 283.52",29
"Cefspan Capsules 400mg (1 Bottle = 5 Capsules)

Rs. 693.50

Rs. 730.00","693.50

 730.00","693.50

 730.00",29
"Intig-D Suspension 60ml

Rs. 237.50

Rs. 250.00","237.50

 250.00","237.50

 250.00",29
"Montika Tablets 10mg (1 Box = 2 Strips) (1 Strip = 7 Tablets)

Rs. 484.54

Rs. 510.00","484.54

 510.00","484.54

 510.00",29
"Brotin Tablets 2.5mg (1 Strip = 10 Tablets)

Rs. 224.20

Rs. 236.00","224.20

 236.00","224.20

 236.00",29
"Vorinaz Tablets 200mg (1 Box = 1 Strip)(1 Strip = 10 Tablets)

Rs. 1,666.20

Rs. 1,753.92","1,666.20

 1,753.92","1,666.20

 1,753.92",29
"Mirabet Tablets 50mg (1 Box = 2 Strips) (1 Strip = 10 Tablets)

Rs. 2,102.20

Rs. 2,212.74","2,102.20

 2,212.74","2,102.20

 2,212.74",29
"Dermive Urea Lotion 100ml

Rs. 1,004.15

Rs. 1,057.00","1,004.15

 1,057.00","1,004.15

 1,057.00",29
"Montika Tablets 10mg (1 Box = 2 Strips) (1 Strip = 7 Tablets)

Rs. 484.54

Rs. 510.00","484.54

 510.00","484.54

 510.00",29
"Multibionta Injection 10ml (1 Box = 5 Ampoules)

Rs. 122.55

Rs. 129.00","122.55

 129.00","122.55

 129.00",29
"Kleen Enema Rectal Liquid 135ml

Rs. 237.50

Rs. 250.00","237.50

 250.00","237.50

 250.00",29
"Scirica Capsules 100mg (1 Box = 2 Strips) (1 Strip = 7 Tablets)

Rs. 126.28

Rs. 132.93","126.28

 132.93","126.28

 132.93",29
"Rosemary Oil 10ml

Rs. 921.50

Rs. 970.00","921.50

 970.00","921.50

 970.00",29
"Montika Tablets 10mg (1 Box = 2 Strips) (1 Strip = 7 Tablets)

Rs. 484.54

Rs. 510.00","484.54

 510.00","484.54

 510.00",29
"Rosemary Oil 10ml

Rs. 921.50

Rs. 970.00","921.50

 970.00","921.50

 970.00",29
"Rosemary Oil 10ml

Rs. 921.50

Rs. 970.00","921.50

 970.00","921.50

 970.00",30
"Gvia-M Tablets 50mg/500mg (1 Strip = 7 Tablets)

Rs. 252.70

Rs. 266.00","252.70

 266.00","252.70

 266.00",30
"Kleen Enema Rectal Liquid 135ml

Rs. 237.50

Rs. 250.00","237.50

 250.00","237.50

 250.00",30
"Co-Diovan Tablets 80mg/12.5mg (1 Box = 2 Strips) (1 Strip = 14 Tablets)

Rs. 2,455.88

Rs. 2,585.00","2,455.88

 2,585.00","2,455.88

 2,585.00",30
"Tracnesan Cream 0.05% 10g

Rs. 235.13

Rs. 247.51","235.13

 247.51","235.13

 247.51",30
"Kleen Enema Rectal Liquid 135ml

Rs. 237.50

Rs. 250.00","237.50

 250.00","237.50

 250.00",30
"Rupataget Tablets 10mg (1 Box = 2 Strips) (1 Strip = 7 Tablets)

Rs. 166.25

Rs. 175.00","166.25

 175.00","166.25

 175.00",30
"Flucon 35ml Suspension 50mg

Rs. 334.42

Rs. 352.02","334.42

 352.02","334.42

 352.02",30
"Fibre One Cereals

Rs. 35.63

Rs. 37.50","35.63

 37.50","35.63

 37.50",30
"Tracnesan Cream 0.05% 10g

Rs. 235.13

Rs. 247.51","235.13

 247.51","235.13

 247.51",30
"Fibre One Cereals

Rs. 35.63

Rs. 37.50","35.63

 37.50","35.63

 37.50",30
"Cefspan Capsules 400mg (1 Bottle = 5 Capsules)

Rs. 693.50

Rs. 730.00","693.50

 730.00","693.50

 730.00",30
"Tracnesan Cream 0.05% 10g

Rs. 235.13

Rs. 247.51","235.13

 247.51","235.13

 247.51",30
"Melas Cream 15g

Rs. 341.05

Rs. 359.00","341.05

 359.00","341.05

 359.00",30
"Vilanto-U Dpi Capsules 62.5mcg+25mcg (1 Box = 3 Strips) (1 Strip = 10 Capsules)

Rs. 348.30

Rs. 366.67","348.30

 366.67","348.30

 366.67",30
"Rocip Eye Drops 5ml

Rs. 45.45

Rs. 47.84","45.45

 47.84","45.45

 47.84",30
"Fibre One Cereals

Rs. 35.63

Rs. 37.50","35.63

 37.50","35.63

 37.50",31
"Sinemet Tablets 25mg/250mg (1 Strip = 10 Tablets)

Rs. 269.30

Rs. 283.52","269.30

 283.52","269.30

 283.52",31
"Fibre One Cereals

Rs. 35.63

Rs. 37.50","35.63

 37.50","35.63

 37.50",31
"Fungone Capsules 150mg (1 Box = 1 Capsule)

Rs. 251.75

Rs. 265.00","251.75

 265.00","251.75

 265.00",31
"Ondaset Tablets 8mg (1 Box = 10 Tablets)

Rs. 379.10

Rs. 399.00","379.10

 399.00","379.10

 399.00",31
"Melas Cream 15g

Rs. 341.05

Rs. 359.00","341.05

 359.00","341.05

 359.00",31
"Tracnesan Cream 0.05% 10g

Rs. 235.13

Rs. 247.51","235.13

 247.51","235.13

 247.51",31
"Fibre One Cereals

Rs. 35.63

Rs. 37.50","35.63

 37.50","35.63

 37.50",31
"Sem-O Tablets 3mg (1 Box = 2 Strips) (1 Strip = 7 Tablets)

Rs. 1,163.75

Rs. 1,225.00","1,163.75

 1,225.00","1,163.75

 1,225.00",31
"Tracnesan Cream 0.05% 10g

Rs. 235.13

Rs. 247.51","235.13

 247.51","235.13

 247.51",31
"Scirica Capsules 100mg (1 Box = 2 Strips) (1 Strip = 7 Tablets)

Rs. 126.28

Rs. 132.93","126.28

 132.93","126.28

 132.93",31
"Healthaid Osteovit-D Calcium Plus Tablets (1 Box = 30 Tablets)

Rs. 1,681.50

Rs. 1,770.00","1,681.50

 1,770.00","1,681.50

 1,770.00",31
"Tracnesan Cream 0.05% 10g

Rs. 235.13

Rs. 247.51","235.13

 247.51","235.13

 247.51",31
"Transamin Im/Iv Injection 250mg 5ml (1 Box = 10 Ampoules)

Rs. 24.58

Rs. 25.87","24.58

 25.87","24.58

 25.87",31
"Tracnesan Cream 0.05% 10g

Rs. 235.13

Rs. 247.51","235.13

 247.51","235.13

 247.51",31
"Dermive Urea Lotion 100ml

Rs. 1,004.15

Rs. 1,057.00","1,004.15

 1,057.00","1,004.15

 1,057.00",31
"Fibre One Cereals

Rs. 356.30

Rs. 375.00","356.30

 375.00","356.30

 375.00",31
"Sem-O Tablets 3mg (1 Box = 2 Strips) (1 Strip = 7 Tablets)

Rs. 1,163.75

Rs. 1,225.00","1,163.75

 1,225.00","1,163.75

 1,225.00",31
"Scirica Capsules 100mg (1 Box = 2 Strips) (1 Strip = 7 Tablets)

Rs. 126.28

Rs. 132.93","126.28

 132.93","126.28

 132.93",32
"Tracnesan Cream 0.05% 10g

Rs. 235.13

Rs. 247.51","235.13

 247.51","235.13

 247.51",32
"Healthaid Iro Active Capsules (1 Box = 30 Capsules)

Rs. 1,900.00

Rs. 2,000.00","1,900.00

 2,000.00","1,900.00

 2,000.00",32
"Tracnesan Cream 0.05% 10g

Rs. 235.13

Rs. 247.51","235.13

 247.51","235.13

 247.51",32
"Healthaid Iro Active Capsules (1 Box = 30 Capsules)

Rs. 1,900.00

Rs. 2,000.00","1,900.00

 2,000.00","1,900.00

 2,000.00",32
"Dermive Urea Lotion 100ml

Rs. 1,004.15

Rs. 1,057.00","1,004.15

 1,057.00","1,004.15

 1,057.00",32
"Eventone-C Cream 30g

Rs. 1,947.50

Rs. 2,050.00","1,947.50

 2,050.00","1,947.50

 2,050.00",32
"Fungone Capsules 150mg (1 Box = 1 Capsule)

Rs. 251.75

Rs. 265.00","251.75

 265.00","251.75

 265.00",32
"Tracnesan Cream 0.05% 10g

Rs. 235.13

Rs. 247.51","235.13

 247.51","235.13

 247.51",32
"Klaricid 60ml Suspension 125mg/5ml

Rs. 549.64

Rs. 578.57","549.64

 578.57","549.64

 578.57",32
"Healthaid Iro Active Capsules (1 Box = 30 Capsules)

Rs. 1,900.00

Rs. 2,000.00","1,900.00

 2,000.00","1,900.00

 2,000.00",32
"Tracnesan Cream 0.05% 10g

Rs. 235.13

Rs. 247.51","235.13

 247.51","235.13

 247.51",32
"Brufen Duo Tablets 500/150mg (1 Box = 2 Strips) (1 Strip = 14 Tablets)

Rs. 140.14

Rs. 147.50","140.14

 147.50","140.14

 147.50",32
"Rocip Eye Drops 5ml

Rs. 45.45

Rs. 47.84","45.45

 47.84","45.45

 47.84",32
"Brufen Duo Tablets 500/150mg (1 Box = 2 Strips) (1 Strip = 14 Tablets)

Rs. 140.14

Rs. 147.50","140.14

 147.50","140.14

 147.50",32
"Dermive Urea Lotion 100ml

Rs. 1,004.15

Rs. 1,057.00","1,004.15

 1,057.00","1,004.15

 1,057.00",33
"Ondaset Tablets 8mg (1 Box = 10 Tablets)

Rs. 379.10

Rs. 399.00","379.10

 399.00","379.10

 399.00",33
"Brufen Duo Tablets 500/150mg (1 Box = 2 Strips) (1 Strip = 14 Tablets)

Rs. 140.14

Rs. 147.50","140.14

 147.50","140.14

 147.50",33
"Sitaphage Xr Tablets 100/1000mg (1 Box = 2 Strips) (1 Strip = 7 Tablets)

Rs. 284.97

Rs. 300.00","284.97

 300.00","284.97

 300.00",33
"Healthaid Osteovit-D Calcium Plus Tablets (1 Box = 30 Tablets)

Rs. 1,681.50

Rs. 1,770.00","1,681.50

 1,770.00","1,681.50

 1,770.00",33
"Kleen Enema Rectal Liquid 135ml

Rs. 237.50

Rs. 250.00","237.50

 250.00","237.50

 250.00",33
"Brotin Tablets 2.5mg (1 Strip = 10 Tablets)

Rs. 224.20

Rs. 236.00","224.20

 236.00","224.20

 236.00",33
"Sem-O Tablets 3mg (1 Box = 2 Strips) (1 Strip = 7 Tablets)

Rs. 1,163.75

Rs. 1,225.00","1,163.75

 1,225.00","1,163.75

 1,225.00",33
"Sitaphage Xr Tablets 100/1000mg (1 Box = 2 Strips) (1 Strip = 7 Tablets)

Rs. 284.97

Rs. 300.00","284.97

 300.00","284.97

 300.00",33
"Healthaid Osteovit-D Calcium Plus Tablets (1 Box = 30 Tablets)

Rs. 1,681.50

Rs. 1,770.00","1,681.50

 1,770.00","1,681.50

 1,770.00",33
"Tracnesan Cream 0.05% 10g

Rs. 235.13

Rs. 247.51","235.13

 247.51","235.13

 247.51",33
"Nassa Tablets 15mg (1 Strip = 10 Tablets)

Rs. 323.00

Rs. 340.00","323.00

 340.00","323.00

 340.00",33
"Artheget-Ez Tablets 80mg+480mg (1 Box = 2 Strips) (1 Strip = 3 Tablets)

Rs. 585.18

Rs. 616.00","585.18

 616.00","585.18

 616.00",33
"Dicloran Topical Gel 30g

Rs. 242.25

Rs. 255.00","242.25

 255.00","242.25

 255.00",33
"Artheget-Ez Tablets 80mg+480mg (1 Box = 2 Strips) (1 Strip = 3 Tablets)

Rs. 585.18

Rs. 616.00","585.18

 616.00","585.18

 616.00",34
"Kleen Enema Rectal Liquid 135ml

Rs. 237.50

Rs. 250.00","237.50

 250.00","237.50

 250.00",34
"Dicloran Topical Gel 30g

Rs. 242.25

Rs. 255.00","242.25

 255.00","242.25

 255.00",34
"Vilanto-Uf Dpi Capsule 200mcg+62.5mcg+25mcg (1 Box = 3 Strips) (1 Strip = 10 Tablets)

Rs. 484.50

Rs. 510.00","484.50

 510.00","484.50

 510.00",34
"Artheget-Ez Tablets 80mg+480mg (1 Box = 2 Strips) (1 Strip = 3 Tablets)

Rs. 585.18

Rs. 616.00","585.18

 616.00","585.18

 616.00",34
"Dicloran Topical Gel 30g

Rs. 242.25

Rs. 255.00","242.25

 255.00","242.25

 255.00",34
"Tracnesan Cream 0.05% 10g

Rs. 235.13

Rs. 247.51","235.13

 247.51","235.13

 247.51",34
"Vorinaz Tablets 200mg (1 Box = 1 Strip)(1 Strip = 10 Tablets)

Rs. 1,666.20

Rs. 1,753.92","1,666.20

 1,753.92","1,666.20

 1,753.92",34
"Scirica Capsules 100mg (1 Box = 2 Strips) (1 Strip = 7 Tablets)

Rs. 126.28

Rs. 132.93","126.28

 132.93","126.28

 132.93",34
"Artheget-Ez Tablets 80mg+480mg (1 Box = 2 Strips) (1 Strip = 3 Tablets)

Rs. 585.18

Rs. 616.00","585.18

 616.00","585.18

 616.00",34
"Vorinaz Tablets 200mg (1 Box = 1 Strip)(1 Strip = 10 Tablets)

Rs. 1,666.20

Rs. 1,753.92","1,666.20

 1,753.92","1,666.20

 1,753.92",34
"Cadik Tablets (1 Bottle = 30 Tablets)

Rs. 736.26

Rs. 775.00","736.26

 775.00","736.26

 775.00",34
"Ketosteril Tablets (1 Strip = 10 Tablets)

Rs. 814.60

Rs. 857.50","814.60

 857.50","814.60

 857.50",34
"Vorinaz Tablets 200mg (1 Box = 1 Strip)(1 Strip = 10 Tablets)

Rs. 1,666.20

Rs. 1,753.92","1,666.20

 1,753.92","1,666.20

 1,753.92",34
"Dicloran Topical Gel 30g

Rs. 242.25

Rs. 255.00","242.25

 255.00","242.25

 255.00",34
"Sitaphage Xr Tablets 100/1000mg (1 Box = 2 Strips) (1 Strip = 7 Tablets)

Rs. 284.97

Rs. 300.00","284.97

 300.00","284.97

 300.00",34
"Vilanto-Uf Dpi Capsule 200mcg+62.5mcg+25mcg (1 Box = 3 Strips) (1 Strip = 10 Tablets)

Rs. 484.50

Rs. 510.00","484.50

 510.00","484.50

 510.00",35
"Dermive Urea Lotion 100ml

Rs. 1,004.15

Rs. 1,057.00","1,004.15

 1,057.00","1,004.15

 1,057.00",35
"Vilanto-Uf Dpi Capsule 200mcg+62.5mcg+25mcg (1 Box = 3 Strips) (1 Strip = 10 Tablets)

Rs. 484.50

Rs. 510.00","484.50

 510.00","484.50

 510.00",35
"Artheget-Ez Tablets 80mg+480mg (1 Box = 2 Strips) (1 Strip = 3 Tablets)

Rs. 585.18

Rs. 616.00","585.18

 616.00","585.18

 616.00",35
"Dermive Urea Lotion 100ml

Rs. 1,004.15

Rs. 1,057.00","1,004.15

 1,057.00","1,004.15

 1,057.00",35
"Vilanto-Uf Dpi Capsule 200mcg+62.5mcg+25mcg (1 Box = 3 Strips) (1 Strip = 10 Tablets)

Rs. 484.50

Rs. 510.00","484.50

 510.00","484.50

 510.00",35
"Artheget-Ez Tablets 80mg+480mg (1 Box = 2 Strips) (1 Strip = 3 Tablets)

Rs. 585.18

Rs. 616.00","585.18

 616.00","585.18

 616.00",35
"Sem-O Tablets 3mg (1 Box = 2 Strips) (1 Strip = 7 Tablets)

Rs. 1,163.75

Rs. 1,225.00","1,163.75

 1,225.00","1,163.75

 1,225.00",35
"Daprodu Tablets 6mg (1 Box = 3 Strips) (1 Strip = 10 Tablets)

Rs. 855.00

Rs. 900.00","855.00

 900.00","855.00

 900.00",35
"Risperiget Tablets 2mg (1 Strip = 10 Tablets)

Rs. 315.90

Rs. 332.50","315.90

 332.50","315.90

 332.50",35
"Fungone Capsules 150mg (1 Box = 1 Capsule)

Rs. 251.75

Rs. 265.00","251.75

 265.00","251.75

 265.00",35
"Cefspan Capsules 400mg (1 Bottle = 5 Capsules)

Rs. 693.50

Rs. 730.00","693.50

 730.00","693.50

 730.00",35
"Risperiget Tablets 2mg (1 Strip = 10 Tablets)

Rs. 315.90

Rs. 332.50","315.90

 332.50","315.90

 332.50",35
"Crestat Tablets 10mg (1 Box = 1 Strip)(1 Strip = 10 Tablets)

Rs. 456.10

Rs. 480.11","456.10

 480.11","456.10

 480.11",35
"Healthaid Osteovit-D Calcium Plus Tablets (1 Box = 30 Tablets)

Rs. 1,681.50

Rs. 1,770.00","1,681.50

 1,770.00","1,681.50

 1,770.00",35
"Omega Capsules 40mg (1 Strip = 7 Capsules)

Rs. 233.73

Rs. 246.00","233.73

 246.00","233.73

 246.00",36
"Oratraxin Gel 10g

Rs. 401.86

Rs. 423.01","401.86

 423.01","401.86

 423.01",36
"Omega Capsules 40mg (1 Strip = 7 Capsules)

Rs. 233.73

Rs. 246.00","233.73

 246.00","233.73

 246.00",36
"Healthaid Osteovit-D Calcium Plus Tablets (1 Box = 30 Tablets)

Rs. 1,681.50

Rs. 1,770.00","1,681.50

 1,770.00","1,681.50

 1,770.00",36
"Vorinaz Tablets 200mg (1 Box = 1 Strip)(1 Strip = 10 Tablets)

Rs. 1,666.20

Rs. 1,753.92","1,666.20

 1,753.92","1,666.20

 1,753.92",36
"Vilanto-Uf Dpi Capsule 200mcg+62.5mcg+25mcg (1 Box = 3 Strips) (1 Strip = 10 Tablets)

Rs. 484.50

Rs. 510.00","484.50

 510.00","484.50

 510.00",36
"Tracnesan Cream 0.05% 10g

Rs. 235.13

Rs. 247.51","235.13

 247.51","235.13

 247.51",36
"Cadik Tablets (1 Bottle = 30 Tablets)

Rs. 736.26

Rs. 775.00","736.26

 775.00","736.26

 775.00",36
"Oratraxin Gel 10g

Rs. 401.86

Rs. 423.01","401.86

 423.01","401.86

 423.01",36
"Vorinaz Tablets 200mg (1 Box = 1 Strip)(1 Strip = 10 Tablets)

Rs. 1,666.20

Rs. 1,753.92","1,666.20

 1,753.92","1,666.20

 1,753.92",36
"Vilanto-Uf Dpi Capsule 200mcg+62.5mcg+25mcg (1 Box = 3 Strips) (1 Strip = 10 Tablets)

Rs. 484.50

Rs. 510.00","484.50

 510.00","484.50

 510.00",36
"Combinol-D Syrup 120ml

Rs. 152.00

Rs. 160.00","152.00

 160.00","152.00

 160.00",36
"Cadik Tablets (1 Bottle = 30 Tablets)

Rs. 736.26

Rs. 775.00","736.26

 775.00","736.26

 775.00",36
"Co-Tasmi Tablets 40/12.5mg (1 Strip = 7 Tablets)

Rs. 235.13

Rs. 247.50","235.13

 247.50","235.13

 247.50",36
"Photonic Anti-Dandruf Shampoo 120ml

Rs. 980.69

Rs. 1,032.30","980.69

 1,032.30","980.69

 1,032.30",37
"Photonic Anti-Dandruf Shampoo 120ml

Rs. 980.69

Rs. 1,032.30","980.69

 1,032.30","980.69

 1,032.30",37
"Tracnesan Cream 0.05% 10g

Rs. 235.13

Rs. 247.51","235.13

 247.51","235.13

 247.51",37
"Getfil Tablets 50mg (1 Box = 4 Tablets)

Rs. 380.00

Rs. 400.00","380.00

 400.00","380.00

 400.00",37
"Photonic Anti-Dandruf Shampoo 120ml

Rs. 980.69

Rs. 1,032.30","980.69

 1,032.30","980.69

 1,032.30",37
"Healthaid Osteovit-D Calcium Plus Tablets (1 Box = 30 Tablets)

Rs. 1,681.50

Rs. 1,770.00","1,681.50

 1,770.00","1,681.50

 1,770.00",37
"Vilanto-U Dpi Capsules 62.5mcg+25mcg (1 Box = 3 Strips) (1 Strip = 10 Capsules)

Rs. 348.30

Rs. 366.67","348.30

 366.67","348.30

 366.67",37
"Vorinaz Tablets 200mg (1 Box = 1 Strip)(1 Strip = 10 Tablets)

Rs. 1,666.20

Rs. 1,753.92","1,666.20

 1,753.92","1,666.20

 1,753.92",37
"Photonic Anti-Dandruf Shampoo 120ml

Rs. 980.69

Rs. 1,032.30","980.69

 1,032.30","980.69

 1,032.30",37
"Oratraxin Gel 10g

Rs. 401.86

Rs. 423.01","401.86

 423.01","401.86

 423.01",37
"Dermive Urea Lotion 100ml

Rs. 1,004.15

Rs. 1,057.00","1,004.15

 1,057.00","1,004.15

 1,057.00",37
"Dermive Urea Lotion 100ml

Rs. 1,004.15

Rs. 1,057.00","1,004.15

 1,057.00","1,004.15

 1,057.00",37
"Dermive Urea Lotion 100ml

Rs. 1,004.15

Rs. 1,057.00","1,004.15

 1,057.00","1,004.15

 1,057.00",37
"Vorinaz Tablets 200mg (1 Box = 1 Strip)(1 Strip = 10 Tablets)

Rs. 1,666.20

Rs. 1,753.92","1,666.20

 1,753.92","1,666.20

 1,753.92",37
"Oxyclor Tablets 200mg (1 Box = 3 Strips) (1 Strip = 10 Tablets)

Rs. 500.10

Rs. 526.41","500.10

 526.41","500.10

 526.41",37
"Healthaid Osteovit-D Calcium Plus Tablets (1 Box = 30 Tablets)

Rs. 1,681.50

Rs. 1,770.00","1,681.50

 1,770.00","1,681.50

 1,770.00",37
"Dermive Urea Lotion 100ml

Rs. 1,004.15

Rs. 1,057.00","1,004.15

 1,057.00","1,004.15

 1,057.00",38
"Vorinaz Tablets 200mg (1 Box = 1 Strip)(1 Strip = 10 Tablets)

Rs. 1,666.20

Rs. 1,753.92","1,666.20

 1,753.92","1,666.20

 1,753.92",38
"Neurobion Tablets (1 Strip = 10 Tablets)

Rs. 136.10

Rs. 143.23","136.10

 143.23","136.10

 143.23",38
"Rosemary Oil 10ml

Rs. 921.50

Rs. 970.00","921.50

 970.00","921.50

 970.00",38
"Artheget-Ez Tablets 80mg+480mg (1 Box = 2 Strips) (1 Strip = 3 Tablets)

Rs. 585.18

Rs. 616.00","585.18

 616.00","585.18

 616.00",38
"Healthaid Osteovit-D Calcium Plus Tablets (1 Box = 30 Tablets)

Rs. 1,681.50

Rs. 1,770.00","1,681.50

 1,770.00","1,681.50

 1,770.00",38
"Artheget-Ez Tablets 80mg+480mg (1 Box = 2 Strips) (1 Strip = 3 Tablets)

Rs. 585.18

Rs. 616.00","585.18

 616.00","585.18

 616.00",38
"Gvia-M Tablets 50mg/500mg (1 Strip = 7 Tablets)

Rs. 252.70

Rs. 266.00","252.70

 266.00","252.70

 266.00",38
"Multibionta Injection 10ml (1 Box = 5 Ampoules)

Rs. 122.55

Rs. 129.00","122.55

 129.00","122.55

 129.00",38
"Photonic Anti-Dandruf Shampoo 120ml

Rs. 980.69

Rs. 1,032.30","980.69

 1,032.30","980.69

 1,032.30",38
"Healthaid Osteovit-D Calcium Plus Tablets (1 Box = 30 Tablets)

Rs. 1,681.50

Rs. 1,770.00","1,681.50

 1,770.00","1,681.50

 1,770.00",38
"Eventone-C Cream 30g

Rs. 1,947.50

Rs. 2,050.00","1,947.50

 2,050.00","1,947.50

 2,050.00",38
"Nassa Tablets 15mg (1 Strip = 10 Tablets)

Rs. 323.00

Rs. 340.00","323.00

 340.00","323.00

 340.00",38
"Photonic Anti-Dandruf Shampoo 120ml

Rs. 980.69

Rs. 1,032.30","980.69

 1,032.30","980.69

 1,032.30",38
"Vorinaz Tablets 200mg (1 Box = 1 Strip)(1 Strip = 10 Tablets)

Rs. 1,666.20

Rs. 1,753.92","1,666.20

 1,753.92","1,666.20

 1,753.92",38
"Fungone Capsules 150mg (1 Box = 1 Capsule)

Rs. 251.75

Rs. 265.00","251.75

 265.00","251.75

 265.00",38
"Dicloran Topical Gel 30g

Rs. 242.25

Rs. 255.00","242.25

 255.00","242.25

 255.00",38
"Healthaid Osteovit-D Calcium Plus Tablets (1 Box = 30 Tablets)

Rs. 1,681.50

Rs. 1,770.00","1,681.50

 1,770.00","1,681.50

 1,770.00",39
"Artheget-Ez Tablets 80mg+480mg (1 Box = 2 Strips) (1 Strip = 3 Tablets)

Rs. 585.18

Rs. 616.00","585.18

 616.00","585.18

 616.00",39
"Healthaid Osteovit-D Calcium Plus Tablets (1 Box = 30 Tablets)

Rs. 1,681.50

Rs. 1,770.00","1,681.50

 1,770.00","1,681.50

 1,770.00",39
"Lamictal Tablets 100mg (1 Strip = 15 Tablets)

Rs. 1,852.35

Rs. 1,949.81","1,852.35

 1,949.81","1,852.35

 1,949.81",39
"Dicloran Topical Gel 30g

Rs. 242.25

Rs. 255.00","242.25

 255.00","242.25

 255.00",39
"Vilget-M Tablets 50mg + 500mg (1 Box = 4 Strips) (1 Strip = 7 Tablets)

Rs. 320.60

Rs. 337.50","320.60

 337.50","320.60

 337.50",39
"Rocip Eye Drops 5ml

Rs. 45.45

Rs. 47.84","45.45

 47.84","45.45

 47.84",39
"Eventone-C Cream 30g

Rs. 1,947.50

Rs. 2,050.00","1,947.50

 2,050.00","1,947.50

 2,050.00",39
"Plarvy Cough Syrup 120ml

Rs. 370.50

Rs. 390.00","370.50

 390.00","370.50

 390.00",39
"Fungone Capsules 150mg (1 Box = 1 Capsule)

Rs. 251.75

Rs. 265.00","251.75

 265.00","251.75

 265.00",39
"Daprodu Tablets 6mg (1 Box = 3 Strips) (1 Strip = 10 Tablets)

Rs. 855.00

Rs. 900.00","855.00

 900.00","855.00

 900.00",39
"Eventone-C Cream 30g

Rs. 1,947.50

Rs. 2,050.00","1,947.50

 2,050.00","1,947.50

 2,050.00",39
"Calamox Duo 70ml Suspension 400mg/57ml

Rs. 316.64

Rs. 333.31","316.64

 333.31","316.64

 333.31",39
"Rupataget Tablets 10mg (1 Box = 2 Strips) (1 Strip = 7 Tablets)

Rs. 166.25

Rs. 175.00","166.25

 175.00","166.25

 175.00",39
"Vorinaz Tablets 200mg (1 Box = 1 Strip)(1 Strip = 10 Tablets)

Rs. 1,666.20

Rs. 1,753.92","1,666.20

 1,753.92","1,666.20

 1,753.92",40
"Artheget-Ez Tablets 80mg+480mg (1 Box = 2 Strips) (1 Strip = 3 Tablets)

Rs. 585.18

Rs. 616.00","585.18

 616.00","585.18

 616.00",40
"Mirabet Tablets 50mg (1 Box = 2 Strips) (1 Strip = 10 Tablets)

Rs. 2,102.20

Rs. 2,212.74","2,102.20

 2,212.74","2,102.20

 2,212.74",40
"Mirabet Tablets 50mg (1 Box = 2 Strips) (1 Strip = 10 Tablets)

Rs. 2,102.20

Rs. 2,212.74","2,102.20

 2,212.74","2,102.20

 2,212.74",40
"Empagen Trio Tablets 12.5mg/2.5mg/1000mg (1 Box = 2 Strips) (1 Strip = 7 Tablets)

Rs. 133.00

Rs. 140.00","133.00

 140.00","133.00

 140.00",40
"Daprodu Tablets 6mg (1 Box = 3 Strips) (1 Strip = 10 Tablets)

Rs. 855.00

Rs. 900.00","855.00

 900.00","855.00

 900.00",40
"Ondaset Tablets 8mg (1 Box = 10 Tablets)

Rs. 379.10

Rs. 399.00","379.10

 399.00","379.10

 399.00",40
"Cefspan Capsules 400mg (1 Bottle = 5 Capsules)

Rs. 693.50

Rs. 730.00","693.50

 730.00","693.50

 730.00",40
"Vorinaz Tablets 200mg (1 Box = 1 Strip)(1 Strip = 10 Tablets)

Rs. 1,666.20

Rs. 1,753.92","1,666.20

 1,753.92","1,666.20

 1,753.92",40
"Fungone Capsules 150mg (1 Box = 1 Capsule)

Rs. 251.75

Rs. 265.00","251.75

 265.00","251.75

 265.00",40
"Vorinaz Tablets 200mg (1 Box = 1 Strip)(1 Strip = 10 Tablets)

Rs. 1,666.20

Rs. 1,753.92","1,666.20

 1,753.92","1,666.20

 1,753.92",40
"Tracnesan Cream 0.05% 10g

Rs. 235.13

Rs. 247.51","235.13

 247.51","235.13

 247.51",40
"Mirabet Tablets 50mg (1 Box = 2 Strips) (1 Strip = 10 Tablets)

Rs. 2,102.20

Rs. 2,212.74","2,102.20

 2,212.74","2,102.20

 2,212.74",40
"Vilanto-U Dpi Capsules 62.5mcg+25mcg (1 Box = 3 Strips) (1 Strip = 10 Capsules)

Rs. 348.30

Rs. 366.67","348.30

 366.67","348.30

 366.67",40
"Montika Tablets 10mg (1 Box = 2 Strips) (1 Strip = 7 Tablets)

Rs. 484.54

Rs. 510.00","484.54

 510.00","484.54

 510.00",40
"Melas Cream 15g

Rs. 341.05

Rs. 359.00","341.05

 359.00","341.05

 359.00",41
"Risperiget Tablets 2mg (1 Strip = 10 Tablets)

Rs. 315.90

Rs. 332.50","315.90

 332.50","315.90

 332.50",41
"Healthaid Osteovit-D Calcium Plus Tablets (1 Box = 30 Tablets)

Rs. 1,681.50

Rs. 1,770.00","1,681.50

 1,770.00","1,681.50

 1,770.00",41
"Melas Cream 15g

Rs. 341.05

Rs. 359.00","341.05

 359.00","341.05

 359.00",41
"Butyn Tablets 5mg (1 Strip = 10 Tablets)

Rs. 541.50

Rs. 570.00","541.50

 570.00","541.50

 570.00",41
"Progeffik Softgel Capsules 200mg (1 Box = 1 Strip)(1 Strip = 15 Capsules)

Rs. 1,956.30

Rs. 2,059.24","1,956.30

 2,059.24","1,956.30

 2,059.24",41
"Andrex Softgel Capsules 40mg (1 Strip = 10 Capsules)

Rs. 345.20

Rs. 363.33","345.20

 363.33","345.20

 363.33",41
"Neurobion Tablets (1 Strip = 10 Tablets)

Rs. 136.10

Rs. 143.23","136.10

 143.23","136.10

 143.23",41
"Eventone-C Cream 30g

Rs. 1,947.50

Rs. 2,050.00","1,947.50

 2,050.00","1,947.50

 2,050.00",41
"Vorinaz Tablets 200mg (1 Box = 1 Strip)(1 Strip = 10 Tablets)

Rs. 1,666.20

Rs. 1,753.92","1,666.20

 1,753.92","1,666.20

 1,753.92",41
"Ondaset Tablets 8mg (1 Box = 10 Tablets)

Rs. 379.10

Rs. 399.00","379.10

 399.00","379.10

 399.00",41
"Dicloran Topical Gel 30g

Rs. 242.25

Rs. 255.00","242.25

 255.00","242.25

 255.00",41
"Flucon 35ml Suspension 50mg

Rs. 334.42

Rs. 352.02","334.42

 352.02","334.42

 352.02",41
"Fungone Capsules 150mg (1 Box = 1 Capsule)

Rs. 251.75

Rs. 265.00","251.75

 265.00","251.75

 265.00",41
"Nutrifactor Biotin Plus Tablets 2500mcg (1 Bottle = 30 Tablets)

Rs. 697.32

Rs. 734.02","697.32

 734.02","697.32

 734.02",41
"Sacvin 200 Tablets 97mg/103mg (1 Box = 3 Strips) (1 Strip = 10 Tablets)

Rs. 1,038.30

Rs. 1,092.86","1,038.30

 1,092.86","1,038.30

 1,092.86",41
"Fibre One Cereals

Rs. 35.63

Rs. 37.50","35.63

 37.50","35.63

 37.50",41
"Nutrifactor Biotin Plus Tablets 2500mcg (1 Bottle = 30 Tablets)

Rs. 697.32

Rs. 734.02","697.32

 734.02","697.32

 734.02",42
"Sacvin 200 Tablets 97mg/103mg (1 Box = 3 Strips) (1 Strip = 10 Tablets)

Rs. 1,038.30

Rs. 1,092.86","1,038.30

 1,092.86","1,038.30

 1,092.86",42
"Fibre One Cereals

Rs. 35.63

Rs. 37.50","35.63

 37.50","35.63

 37.50",42
"Dicloran Topical Gel 30g

Rs. 242.25

Rs. 255.00","242.25

 255.00","242.25

 255.00",42
"Rosemary Oil 10ml

Rs. 921.50

Rs. 970.00","921.50

 970.00","921.50

 970.00",42
"Dicloran Topical Gel 30g

Rs. 242.25

Rs. 255.00","242.25

 255.00","242.25

 255.00",42
"Rosemary Oil 10ml

Rs. 921.50

Rs. 970.00","921.50

 970.00","921.50

 970.00",42
"Cadik Tablets (1 Bottle = 30 Tablets)

Rs. 736.26

Rs. 775.00","736.26

 775.00","736.26

 775.00",42
"Fungone Capsules 150mg (1 Box = 1 Capsule)

Rs. 251.75

Rs. 265.00","251.75

 265.00","251.75

 265.00",42
"Optra-S Nebuliser Solution 0.5mg+2.5mg/2.5ml (1 Box = 10 Vials))

Rs. 118.75

Rs. 125.00","118.75

 125.00","118.75

 125.00",42
"Artheget-Ez Tablets 80mg+480mg (1 Box = 2 Strips) (1 Strip = 3 Tablets)

Rs. 585.18

Rs. 616.00","585.18

 616.00","585.18

 616.00",42
"Cefspan Capsules 400mg (1 Bottle = 5 Capsules)

Rs. 693.50

Rs. 730.00","693.50

 730.00","693.50

 730.00",42
"Artheget-Ez Tablets 80mg+480mg (1 Box = 2 Strips) (1 Strip = 3 Tablets)

Rs. 585.18

Rs. 616.00","585.18

 616.00","585.18

 616.00",43
"Sangobion Capsules (1 Strip = 10 Capsules)

Rs. 346.75

Rs. 364.99","346.75

 364.99","346.75

 364.99",43
"Artheget-Ez Tablets 80mg+480mg (1 Box = 2 Strips) (1 Strip = 3 Tablets)

Rs. 585.18

Rs. 616.00","585.18

 616.00","585.18

 616.00",43
"Dicloran Topical Gel 30g

Rs. 242.25

Rs. 255.00","242.25

 255.00","242.25

 255.00",43
"Healthaid Zinc Sulphate Tablets 200mg (1 Box = 90 Tablets)

Rs. 2,802.50

Rs. 2,950.00","2,802.50

 2,950.00","2,802.50

 2,950.00",43
"Genticyn Eye/Ear Drops 7.5ml

Rs. 46.29

Rs. 48.73","46.29

 48.73","46.29

 48.73",43
"Brotin Tablets 2.5mg (1 Strip = 10 Tablets)

Rs. 224.20

Rs. 236.00","224.20

 236.00","224.20

 236.00",43
"Vorinaz Tablets 200mg (1 Box = 1 Strip)(1 Strip = 10 Tablets)

Rs. 1,666.20

Rs. 1,753.92","1,666.20

 1,753.92","1,666.20

 1,753.92",43
"Genticyn Eye/Ear Drops 7.5ml

Rs. 46.29

Rs. 48.73","46.29

 48.73","46.29

 48.73",43
"Zestril Tablets 10mg (1 Box = 1 Strip)(1 Strip = 14 Tablets)

Rs. 513.94

Rs. 541.01","513.94

 541.01","513.94

 541.01",43
"Drate Plus D Tablets 70mg/70mcg (1 Box = 1 Strip)(1 Strip = 4 Tablets)

Rs. 936.84

Rs. 986.14","936.84

 986.14","936.84

 986.14",43
"Zestril Tablets 10mg (1 Box = 1 Strip)(1 Strip = 14 Tablets)

Rs. 513.94

Rs. 541.01","513.94

 541.01","513.94

 541.01",43
"Genticyn Eye/Ear Drops 7.5ml

Rs. 46.29

Rs. 48.73","46.29

 48.73","46.29

 48.73",43
"Dicloran Topical Gel 30g

Rs. 242.25

Rs. 255.00","242.25

 255.00","242.25

 255.00",43
"Melas Cream 15g

Rs. 341.05

Rs. 359.00","341.05

 359.00","341.05

 359.00",43
"Tirzee Injection 10mg/0.5ml (1 Box = 1prefilled Pen)

Rs. 9,500.00

Rs. 10,000.00","9,500.00

 10,000.00","9,500.00

 10,000.00",44
"D-Calcium Tablets (1 Strip = 10 Tablets)

Rs. 150.40

Rs. 158.33","150.40

 158.33","150.40

 158.33",44
"Nassa Tablets 15mg (1 Strip = 10 Tablets)

Rs. 323.00

Rs. 340.00","323.00

 340.00","323.00

 340.00",44
"Neurobion Tablets (1 Strip = 10 Tablets)

Rs. 136.10

Rs. 143.23","136.10

 143.23","136.10

 143.23",44
"Healthaid Osteovit-D Calcium Plus Tablets (1 Box = 30 Tablets)

Rs. 1,681.50

Rs. 1,770.00","1,681.50

 1,770.00","1,681.50

 1,770.00",44
"Reltus C&F Syrup 100ml

Rs. 172.43

Rs. 181.51","172.43

 181.51","172.43

 181.51",44
"Vorinaz Tablets 200mg (1 Box = 1 Strip)(1 Strip = 10 Tablets)

Rs. 1,666.20

Rs. 1,753.92","1,666.20

 1,753.92","1,666.20

 1,753.92",44
"Melas Cream 15g

Rs. 341.05

Rs. 359.00","341.05

 359.00","341.05

 359.00",44
"Vorinaz Tablets 200mg (1 Box = 1 Strip)(1 Strip = 10 Tablets)

Rs. 1,666.20

Rs. 1,753.92","1,666.20

 1,753.92","1,666.20

 1,753.92",44
"Sinemet Extra Tablets 25/100mg (1 Box = 3 Strips) (1 Strip = 10 Tablets)

Rs. 479.10

Rs. 504.34","479.10

 504.34","479.10

 504.34",44
"Cefspan Capsules 400mg (1 Bottle = 5 Capsules)

Rs. 693.50

Rs. 730.00","693.50

 730.00","693.50

 730.00",44
"Fungone Capsules 150mg (1 Box = 1 Capsule)

Rs. 251.75

Rs. 265.00","251.75

 265.00","251.75

 265.00",44
"Plarvy Cough Syrup 120ml

Rs. 370.50

Rs. 390.00","370.50

 390.00","370.50

 390.00",44
"Healthaid Iro Active Capsules (1 Box = 30 Capsules)

Rs. 1,900.00

Rs. 2,000.00","1,900.00

 2,000.00","1,900.00

 2,000.00",44
"Sinemet Extra Tablets 25/100mg (1 Box = 3 Strips) (1 Strip = 10 Tablets)

Rs. 479.10

Rs. 504.34","479.10

 504.34","479.10

 504.34",44
"Tracnesan Cream 0.05% 10g

Rs. 235.13

Rs. 247.51","235.13

 247.51","235.13

 247.51",44
"Tracnesan Cream 0.05% 10g

Rs. 235.13

Rs. 247.51","235.13

 247.51","235.13

 247.51",44
"Melas Cream 15g

Rs. 341.05

Rs. 359.00","341.05

 359.00","341.05

 359.00",44
"Sem-O Tablets 3mg (1 Box = 2 Strips) (1 Strip = 7 Tablets)

Rs. 1,163.75

Rs. 1,225.00","1,163.75

 1,225.00","1,163.75

 1,225.00",45
"Tracnesan Cream 0.05% 10g

Rs. 235.13

Rs. 247.51","235.13

 247.51","235.13

 247.51",45
"Sinemet Tablets 25mg/250mg (1 Strip = 10 Tablets)

Rs. 269.30

Rs. 283.52","269.30

 283.52","269.30

 283.52",45
"Montika Tablets 10mg (1 Box = 2 Strips) (1 Strip = 7 Tablets)

Rs. 484.54

Rs. 510.00","484.54

 510.00","484.54

 510.00",45
"Tirzee Injection 10mg/0.5ml (1 Box = 1prefilled Pen)

Rs. 9,500.00

Rs. 10,000.00","9,500.00

 10,000.00","9,500.00

 10,000.00",45
"Vorinaz Tablets 200mg (1 Box = 1 Strip)(1 Strip = 10 Tablets)

Rs. 1,666.20

Rs. 1,753.92","1,666.20

 1,753.92","1,666.20

 1,753.92",45
"Lamictal Tablets 100mg (1 Strip = 15 Tablets)

Rs. 1,852.35

Rs. 1,949.81","1,852.35

 1,949.81","1,852.35

 1,949.81",45
"Flucon 35ml Suspension 50mg

Rs. 334.42

Rs. 352.02","334.42

 352.02","334.42

 352.02",45
"Crestat Tablets 10mg (1 Box = 1 Strip)(1 Strip = 10 Tablets)

Rs. 456.10

Rs. 480.11","456.10

 480.11","456.10

 480.11",45
"Tirzee Injection 10mg/0.5ml (1 Box = 1prefilled Pen)

Rs. 9,500.00

Rs. 10,000.00","9,500.00

 10,000.00","9,500.00

 10,000.00",45
"Vilanto-U Dpi Capsules 62.5mcg+25mcg (1 Box = 3 Strips) (1 Strip = 10 Capsules)

Rs. 348.30

Rs. 366.67","348.30

 366.67","348.30

 366.67",45
"Starcox Tablets 120mg (1 Box = 1 Strip)(1 Strip = 7 Tablets)

Rs. 219.45

Rs. 231.00","219.45

 231.00","219.45

 231.00",45
"Zyto Tablets 500mg (1 Box = 1 Strip)(1 Strip = 6 Tablets)

Rs. 487.74

Rs. 513.43","487.74

 513.43","487.74

 513.43",45
"Cefspan Capsules 400mg (1 Bottle = 5 Capsules)

Rs. 693.50

Rs. 730.00","693.50

 730.00","693.50

 730.00",45
"Montika Tablets 10mg (1 Box = 2 Strips) (1 Strip = 7 Tablets)

Rs. 484.54

Rs. 510.00","484.54

 510.00","484.54

 510.00",45
"Vilanto-U Dpi Capsules 62.5mcg+25mcg (1 Box = 3 Strips) (1 Strip = 10 Capsules)

Rs. 348.30

Rs. 366.67","348.30

 366.67","348.30

 366.67",45
"Artheget-Ez Tablets 80mg+480mg (1 Box = 2 Strips) (1 Strip = 3 Tablets)

Rs. 585.18

Rs. 616.00","585.18

 616.00","585.18

 616.00",45
"Genticyn Eye/Ear Drops 7.5ml

Rs. 46.29

Rs. 48.73","46.29

 48.73","46.29

 48.73",46
"Risperiget Tablets 2mg (1 Strip = 10 Tablets)

Rs. 315.90

Rs. 332.50","315.90

 332.50","315.90

 332.50",46
"Aprovel Tablets 150mg (1 Strip = 14 Tablets)

Rs. 270.48

Rs. 284.76","270.48

 284.76","270.48

 284.76",46
"Dicloran Topical Gel 30g

Rs. 242.25

Rs. 255.00","242.25

 255.00","242.25

 255.00",46
"Crestat Tablets 10mg (1 Box = 1 Strip)(1 Strip = 10 Tablets)

Rs. 456.10

Rs. 480.11","456.10

 480.11","456.10

 480.11",46
"Genticyn Eye/Ear Drops 7.5ml

Rs. 46.29

Rs. 48.73","46.29

 48.73","46.29

 48.73",46
"Ondaset Tablets 8mg (1 Box = 10 Tablets)

Rs. 379.10

Rs. 399.00","379.10

 399.00","379.10

 399.00",46
"Tirzee Injection 10mg/0.5ml (1 Box = 1prefilled Pen)

Rs. 9,500.00

Rs. 10,000.00","9,500.00

 10,000.00","9,500.00

 10,000.00",46
"Cefspan Capsules 400mg (1 Bottle = 5 Capsules)

Rs. 693.50

Rs. 730.00","693.50

 730.00","693.50

 730.00",46
"Cefspan Capsules 400mg (1 Bottle = 5 Capsules)

Rs. 693.50

Rs. 730.00","693.50

 730.00","693.50

 730.00",46
"Montika Tablets 10mg (1 Box = 2 Strips) (1 Strip = 7 Tablets)

Rs. 484.54

Rs. 510.00","484.54

 510.00","484.54

 510.00",46
"Tirzee Injection 10mg/0.5ml (1 Box = 1prefilled Pen)

Rs. 9,500.00

Rs. 10,000.00","9,500.00

 10,000.00","9,500.00

 10,000.00",46
"Progeffik Softgel Capsules 200mg (1 Box = 1 Strip)(1 Strip = 15 Capsules)

Rs. 1,956.30

Rs. 2,059.24","1,956.30

 2,059.24","1,956.30

 2,059.24",46
"Cefspan Capsules 400mg (1 Bottle = 5 Capsules)

Rs. 693.50

Rs. 730.00","693.50

 730.00","693.50

 730.00",46
"Rocip Eye Drops 5ml

Rs. 45.45

Rs. 47.84","45.45

 47.84","45.45

 47.84",46
"Fibre One Cereals

Rs. 35.63

Rs. 37.50","35.63

 37.50","35.63

 37.50",46
"Artheget-Ez Tablets 80mg+480mg (1 Box = 2 Strips) (1 Strip = 3 Tablets)

Rs. 585.18

Rs. 616.00","585.18

 616.00","585.18

 616.00",46
"Protect 4 In 1 Nappy Cream 30g

Rs. 156.47

Rs. 164.70","156.47

 164.70","156.47

 164.70",47
"Gvia-M Tablets 50mg/1000mg (1 Strip = 7 Tablets)

Rs. 259.35

Rs. 273.00","259.35

 273.00","259.35

 273.00",47
"Cefspan Capsules 400mg (1 Bottle = 5 Capsules)

Rs. 693.50

Rs. 730.00","693.50

 730.00","693.50

 730.00",47
"Fibre One Cereals

Rs. 35.63

Rs. 37.50","35.63

 37.50","35.63

 37.50",47
"Cefspan Capsules 400mg (1 Bottle = 5 Capsules)

Rs. 693.50

Rs. 730.00","693.50

 730.00","693.50

 730.00",47
"Route 2 Health Womens One Daily Tablets (1 Bottle = 30 Tablets)

Rs. 1,681.50

Rs. 1,770.00","1,681.50

 1,770.00","1,681.50

 1,770.00",47
"Ivermite Tablets 6mg (1 Box = 1 Strip)(1 Strip = 10 Tablets)

Rs. 428.50

Rs. 451.00","428.50

 451.00","428.50

 451.00",47
"Tamsolin-S Tablets 0.4mg+6 Mg (1 Strip = 10 Tablets)

Rs. 1,367.10

Rs. 1,439.00","1,367.10

 1,439.00","1,367.10

 1,439.00",47
"Tracnesan Cream 0.05% 10g

Rs. 235.13

Rs. 247.51","235.13

 247.51","235.13

 247.51",47
"Cefspan Capsules 400mg (1 Bottle = 5 Capsules)

Rs. 693.50

Rs. 730.00","693.50

 730.00","693.50

 730.00",47
"Artheget-Ez Tablets 80mg+480mg (1 Box = 2 Strips) (1 Strip = 3 Tablets)

Rs. 585.18

Rs. 616.00","585.18

 616.00","585.18

 616.00",47
"Tamsolin-S Tablets 0.4mg+6 Mg (1 Strip = 10 Tablets)

Rs. 1,367.10

Rs. 1,439.00","1,367.10

 1,439.00","1,367.10

 1,439.00",47
"Cefspan Capsules 400mg (1 Bottle = 5 Capsules)

Rs. 693.50

Rs. 730.00","693.50

 730.00","693.50

 730.00",47
"Vorinaz Tablets 200mg (1 Box = 1 Strip)(1 Strip = 10 Tablets)

Rs. 1,666.20

Rs. 1,753.92","1,666.20

 1,753.92","1,666.20

 1,753.92",47
"Inosita Tablets 50mg (1 Box = 4 Strips) (1 Strip = 7 Tablets)

Rs. 1,117.20

Rs. 1,176.00","1,117.20

 1,176.00","1,117.20

 1,176.00",47
"Tasmi Tablets 40mg (1 Strip = 7 Tablets)

Rs. 31.22

Rs. 32.86","31.22

 32.86","31.22

 32.86",47
"Fungone Capsules 150mg (1 Box = 1 Capsule)

Rs. 251.75

Rs. 265.00","251.75

 265.00","251.75

 265.00",48
"Vorinaz Tablets 200mg (1 Box = 1 Strip)(1 Strip = 10 Tablets)

Rs. 1,666.20

Rs. 1,753.92","1,666.20

 1,753.92","1,666.20

 1,753.92",48
"Fibre One Cereals

Rs. 35.63

Rs. 37.50","35.63

 37.50","35.63

 37.50",48
"Flucon 35ml Suspension 50mg

Rs. 334.42

Rs. 352.02","334.42

 352.02","334.42

 352.02",48
"Fungone Capsules 150mg (1 Box = 1 Capsule)

Rs. 251.75

Rs. 265.00","251.75

 265.00","251.75

 265.00",48
"Protect 4 In 1 Nappy Cream 30g

Rs. 156.47

Rs. 164.70","156.47

 164.70","156.47

 164.70",48
"Melas Cream 15g

Rs. 341.05

Rs. 359.00","341.05

 359.00","341.05

 359.00",48
"Cefspan Capsules 400mg (1 Bottle = 5 Capsules)

Rs. 693.50

Rs. 730.00","693.50

 730.00","693.50

 730.00",48
"Eventone-C Cream 30g

Rs. 1,947.50

Rs. 2,050.00","1,947.50

 2,050.00","1,947.50

 2,050.00",48
"Cefspan Capsules 400mg (1 Bottle = 5 Capsules)

Rs. 693.50

Rs. 730.00","693.50

 730.00","693.50

 730.00",48
"Vilanto-U Dpi Capsules 62.5mcg+25mcg (1 Box = 3 Strips) (1 Strip = 10 Capsules)

Rs. 348.30

Rs. 366.67","348.30

 366.67","348.30

 366.67",48
"Cefspan Capsules 400mg (1 Bottle = 5 Capsules)

Rs. 693.50

Rs. 730.00","693.50

 730.00","693.50

 730.00",48
"Eventone-C Cream 30g

Rs. 1,947.50

Rs. 2,050.00","1,947.50

 2,050.00","1,947.50

 2,050.00",48
"Vorinaz Tablets 200mg (1 Box = 1 Strip)(1 Strip = 10 Tablets)

Rs. 1,666.20

Rs. 1,753.92","1,666.20

 1,753.92","1,666.20

 1,753.92",48
"Healthaid Iro Active Capsules (1 Box = 30 Capsules)

Rs. 1,900.00

Rs. 2,000.00","1,900.00

 2,000.00","1,900.00

 2,000.00",48
"Cefspan Capsules 400mg (1 Bottle = 5 Capsules)

Rs. 693.50

Rs. 730.00","693.50

 730.00","693.50

 730.00",48
"Eventone-C Cream 30g

Rs. 1,947.50

Rs. 2,050.00","1,947.50

 2,050.00","1,947.50

 2,050.00",48
"Vorinaz Tablets 200mg (1 Box = 1 Strip)(1 Strip = 10 Tablets)

Rs. 1,666.20

Rs. 1,753.92","1,666.20

 1,753.92","1,666.20

 1,753.92",48
"Plarvy Cough Syrup 120ml

Rs. 370.50

Rs. 390.00","370.50

 390.00","370.50

 390.00",49
"Flucon 35ml Suspension 50mg

Rs. 334.42

Rs. 352.02","334.42

 352.02","334.42

 352.02",49
"Flucon 35ml Suspension 50mg

Rs. 334.42

Rs. 352.02","334.42

 352.02","334.42

 352.02",49
"Fibre One Cereals

Rs. 35.63

Rs. 37.50","35.63

 37.50","35.63

 37.50",49
"Tamsolin-S Tablets 0.4mg+6 Mg (1 Strip = 10 Tablets)

Rs. 1,367.10

Rs. 1,439.00","1,367.10

 1,439.00","1,367.10

 1,439.00",49
"Neurobion Tablets (1 Strip = 10 Tablets)

Rs. 136.10

Rs. 143.23","136.10

 143.23","136.10

 143.23",49
"Ebalin Tablets 75mg (1 Strip = 7 Tablets)

Rs. 206.85

Rs. 217.70","206.85

 217.70","206.85

 217.70",49
"Rs. 345.80

Rs. 364.00","345.80

 364.00","345.80

 364.00",49
"Dicloran Topical Gel 30g

Rs. 242.25

Rs. 255.00","242.25

 255.00","242.25

 255.00",49
"Vilanto-U Dpi Capsules 62.5mcg+25mcg (1 Box = 3 Strips) (1 Strip = 10 Capsules)

Rs. 348.30

Rs. 366.67","348.30

 366.67","348.30

 366.67",49
"Dicloran Topical Gel 30g

Rs. 242.25

Rs. 255.00","242.25

 255.00","242.25

 255.00",49
"Eventone-C Cream 30g

Rs. 1,947.50

Rs. 2,050.00","1,947.50

 2,050.00","1,947.50

 2,050.00",49
"Sinemet Tablets 25mg/250mg (1 Strip = 10 Tablets)

Rs. 269.30

Rs. 283.52","269.30

 283.52","269.30

 283.52",49
"Dicloran Topical Gel 30g

Rs. 242.25

Rs. 255.00","242.25

 255.00","242.25

 255.00",49
"Dicloran Topical Gel 30g

Rs. 242.25

Rs. 255.00","242.25

 255.00","242.25

 255.00",49
"Eventone-C Cream 30g

Rs. 1,947.50

Rs. 2,050.00","1,947.50

 2,050.00","1,947.50

 2,050.00",49
"Crestat Tablets 10mg (1 Box = 1 Strip)(1 Strip = 10 Tablets)

Rs. 456.10

Rs. 480.11","456.10

 480.11","456.10

 480.11",49
"Tracnesan Cream 0.05% 10g

Rs. 235.13

Rs. 247.51","235.13

 247.51","235.13

 247.51",50
"Plarvy Cough Syrup 120ml

Rs. 370.50

Rs. 390.00","370.50

 390.00","370.50

 390.00",50
"Dicloran Topical Gel 30g

Rs. 242.25

Rs. 255.00","242.25

 255.00","242.25

 255.00",50
"Flucon 35ml Suspension 50mg

Rs. 334.42

Rs. 352.02","334.42

 352.02","334.42

 352.02",50
"Paraxyl Cr Tablets 37.5mg (1 Box = 1 Strip) (1 Strip = 10 Tablets)

Rs. 644.90

Rs. 678.84","644.90

 678.84","644.90

 678.84",50
"Dicloran Topical Gel 30g

Rs. 242.25

Rs. 255.00","242.25

 255.00","242.25

 255.00",50
"Sinemet Tablets 25mg/250mg (1 Strip = 10 Tablets)

Rs. 269.30

Rs. 283.52","269.30

 283.52","269.30

 283.52",50
"Artheget-Ez Tablets 80mg+480mg (1 Box = 2 Strips) (1 Strip = 3 Tablets)

Rs. 585.18

Rs. 616.00","585.18

 616.00","585.18

 616.00",50
"Tamsolin-S Tablets 0.4mg+6 Mg (1 Strip = 10 Tablets)

Rs. 1,367.10

Rs. 1,439.00","1,367.10

 1,439.00","1,367.10

 1,439.00",50
"Rocip Eye Drops 5ml

Rs. 45.45

Rs. 47.84","45.45

 47.84","45.45

 47.84",50
"Vilanto-U Dpi Capsules 62.5mcg+25mcg (1 Box = 3 Strips) (1 Strip = 10 Capsules)

Rs. 348.30

Rs. 366.67","348.30

 366.67","348.30

 366.67",50
"Artheget-Ez Tablets 80mg+480mg (1 Box = 2 Strips) (1 Strip = 3 Tablets)

Rs. 585.18

Rs. 616.00","585.18

 616.00","585.18

 616.00",50
"Rosemary Oil 10ml

Rs. 921.50

Rs. 970.00","921.50

 970.00","921.50

 970.00",50
"Dicloran Topical Gel 30g

Rs. 242.25

Rs. 255.00","242.25

 255.00","242.25

 255.00",50
"Ondaset Tablets 8mg (1 Box = 10 Tablets)

Rs. 379.10

Rs. 399.00","379.10

 399.00","379.10

 399.00",50
"Sem-O Tablets 3mg (1 Box = 2 Strips) (1 Strip = 7 Tablets)

Rs. 1,163.75

Rs. 1,225.00","1,163.75

 1,225.00","1,163.75

 1,225.00",50
"Tamsolin-S Tablets 0.4mg+6 Mg (1 Strip = 10 Tablets)

Rs. 1,367.10

Rs. 1,439.00","1,367.10

 1,439.00","1,367.10

 1,439.00",50
"Nutrifactor Biotin Plus Tablets 2500mcg (1 Bottle = 30 Tablets)

Rs. 697.32

Rs. 734.02","697.32

 734.02","697.32

 734.02",50
"Mirabet Tablets 50mg (1 Box = 2 Strips) (1 Strip = 10 Tablets)

Rs. 2,102.20

Rs. 2,212.74","2,102.20

 2,212.74","2,102.20

 2,212.74",51
"Tamsolin-S Tablets 0.4mg+6 Mg (1 Strip = 10 Tablets)

Rs. 1,367.10

Rs. 1,439.00","1,367.10

 1,439.00","1,367.10

 1,439.00",51
"Mirabet Tablets 50mg (1 Box = 2 Strips) (1 Strip = 10 Tablets)

Rs. 2,102.20

Rs. 2,212.74","2,102.20

 2,212.74","2,102.20

 2,212.74",51
"Montika Tablets 10mg (1 Box = 2 Strips) (1 Strip = 7 Tablets)

Rs. 484.54

Rs. 510.00","484.54

 510.00","484.54

 510.00",51
"Sem-O Tablets 3mg (1 Box = 2 Strips) (1 Strip = 7 Tablets)

Rs. 1,163.75

Rs. 1,225.00","1,163.75

 1,225.00","1,163.75

 1,225.00",51
"Tamsolin-S Tablets 0.4mg+6 Mg (1 Strip = 10 Tablets)

Rs. 1,367.10

Rs. 1,439.00","1,367.10

 1,439.00","1,367.10

 1,439.00",51
"Rocip Eye Drops 5ml

Rs. 45.45

Rs. 47.84","45.45

 47.84","45.45

 47.84",51
"Fcm Iv Injection 500mg/10ml (1 Box = 1 Injection)

Rs. 2,327.50

Rs. 2,450.00","2,327.50

 2,450.00","2,327.50

 2,450.00",51
"Nutrifactor Biotin Plus Tablets 2500mcg (1 Bottle = 30 Tablets)

Rs. 697.32

Rs. 734.02","697.32

 734.02","697.32

 734.02",51
"Flucon 35ml Suspension 50mg

Rs. 334.42

Rs. 352.02","334.42

 352.02","334.42

 352.02",51
"Nutrifactor Biotin Plus Tablets 2500mcg (1 Bottle = 30 Tablets)

Rs. 697.32

Rs. 734.02","697.32

 734.02","697.32

 734.02",51
"Oratraxin Gel 10g

Rs. 401.86

Rs. 423.01","401.86

 423.01","401.86

 423.01",51
"Kleen Enema Rectal Liquid 135ml

Rs. 237.50

Rs. 250.00","237.50

 250.00","237.50

 250.00",51
"Advantec Tablets 16mg+12.5mg (1 Strip = 7 Tablets)

Rs. 299.25

Rs. 315.00","299.25

 315.00","299.25

 315.00",51
"Nutrifactor Biotin Plus Tablets 2500mcg (1 Bottle = 30 Tablets)

Rs. 697.32

Rs. 734.02","697.32

 734.02","697.32

 734.02",51
"Artheget-Ez Tablets 80mg+480mg (1 Box = 2 Strips) (1 Strip = 3 Tablets)

Rs. 585.18

Rs. 616.00","585.18

 616.00","585.18

 616.00",51
"Vilanto-U Dpi Capsules 62.5mcg+25mcg (1 Box = 3 Strips) (1 Strip = 10 Capsules)

Rs. 348.30

Rs. 366.67","348.30

 366.67","348.30

 366.67",52
"Flucon 35ml Suspension 50mg

Rs. 334.42

Rs. 352.02","334.42

 352.02","334.42

 352.02",52
"Flucon 35ml Suspension 50mg

Rs. 334.42

Rs. 352.02","334.42

 352.02","334.42

 352.02",52
"Tasmi Tablets 40mg (1 Strip = 7 Tablets)

Rs. 31.22

Rs. 32.86","31.22

 32.86","31.22

 32.86",52
"Xecomb Ear Drops 10ml

Rs. 361.00

Rs. 380.00","361.00

 380.00","361.00

 380.00",52
"Dicloran Topical Gel 30g

Rs. 242.25

Rs. 255.00","242.25

 255.00","242.25

 255.00",52
"Plarvy Cough Syrup 120ml

Rs. 370.50

Rs. 390.00","370.50

 390.00","370.50

 390.00",52
"Brivace Tablets 100mg (1 Box = 2 Strips) (1 Strip = 7 Tablets)

Rs. 171.00

Rs. 180.00","171.00

 180.00","171.00

 180.00",52
"Vilanto-U Dpi Capsules 62.5mcg+25mcg (1 Box = 3 Strips) (1 Strip = 10 Capsules)

Rs. 348.30

Rs. 366.67","348.30

 366.67","348.30

 366.67",52
"Advantec Tablets 16mg+12.5mg (1 Strip = 7 Tablets)

Rs. 299.25

Rs. 315.00","299.25

 315.00","299.25

 315.00",52
"Flucon 35ml Suspension 50mg

Rs. 334.42

Rs. 352.02","334.42

 352.02","334.42

 352.02",52
"Tasmi Tablets 40mg (1 Strip = 7 Tablets)

Rs. 31.22

Rs. 32.86","31.22

 32.86","31.22

 32.86",52
"Xecomb Ear Drops 10ml

Rs. 361.00

Rs. 380.00","361.00

 380.00","361.00

 380.00",52
"Ondaset Tablets 8mg (1 Box = 10 Tablets)

Rs. 379.10

Rs. 399.00","379.10

 399.00","379.10

 399.00",52
"Tamsolin-S Tablets 0.4mg+6 Mg (1 Strip = 10 Tablets)

Rs. 1,367.10

Rs. 1,439.00","1,367.10

 1,439.00","1,367.10

 1,439.00",52
"Brivace Tablets 100mg (1 Box = 2 Strips) (1 Strip = 7 Tablets)

Rs. 171.00

Rs. 180.00","171.00

 180.00","171.00

 180.00",52
"Neurobion Tablets (1 Strip = 10 Tablets)

Rs. 136.10

Rs. 143.23","136.10

 143.23","136.10

 143.23",52
"Advantec Tablets 16mg+12.5mg (1 Strip = 7 Tablets)

Rs. 299.25

Rs. 315.00","299.25

 315.00","299.25

 315.00",52
"Oratraxin Gel 10g

Rs. 401.86

Rs. 423.01","401.86

 423.01","401.86

 423.01",53
"Xecomb Ear Drops 10ml

Rs. 361.00

Rs. 380.00","361.00

 380.00","361.00

 380.00",53
"Advantec Tablets 16mg+12.5mg (1 Strip = 7 Tablets)

Rs. 299.25

Rs. 315.00","299.25

 315.00","299.25

 315.00",53
"Tasmi Tablets 40mg (1 Strip = 7 Tablets)

Rs. 31.22

Rs. 32.86","31.22

 32.86","31.22

 32.86",53
"Xecomb Ear Drops 10ml

Rs. 361.00

Rs. 380.00","361.00

 380.00","361.00

 380.00",53
"Dicloran Topical Gel 30g

Rs. 242.25

Rs. 255.00","242.25

 255.00","242.25

 255.00",53
"Neurobion Tablets (1 Strip = 10 Tablets)

Rs. 136.10

Rs. 143.23","136.10

 143.23","136.10

 143.23",53
"Rocip Eye Drops 5ml

Rs. 45.45

Rs. 47.84","45.45

 47.84","45.45

 47.84",53
"Oratraxin Gel 10g

Rs. 401.86

Rs. 423.01","401.86

 423.01","401.86

 423.01",53
"Mirabet Tablets 50mg (1 Box = 2 Strips) (1 Strip = 10 Tablets)

Rs. 2,102.20

Rs. 2,212.74","2,102.20

 2,212.74","2,102.20

 2,212.74",53
"Advantec Tablets 16mg+12.5mg (1 Strip = 7 Tablets)

Rs. 299.25

Rs. 315.00","299.25

 315.00","299.25

 315.00",53
"Tasmi Tablets 40mg (1 Strip = 7 Tablets)

Rs. 31.22

Rs. 32.86","31.22

 32.86","31.22

 32.86",53
"Tamsolin-S Tablets 0.4mg+6 Mg (1 Strip = 10 Tablets)

Rs. 1,367.10

Rs. 1,439.00","1,367.10

 1,439.00","1,367.10

 1,439.00",53
"Elgozon Tablets 200mg (1 Box = 10 Tablets)

Rs. 247.00

Rs. 260.00","247.00

 260.00","247.00

 260.00",53
"Cefaloget 60ml Oral Suspension 250mg/5ml

Rs. 484.50

Rs. 510.00","484.50

 510.00","484.50

 510.00",53
"Rocip Eye Drops 5ml

Rs. 45.45

Rs. 47.84","45.45

 47.84","45.45

 47.84",53
"Optra-S Nebuliser Solution 0.5mg+2.5mg/2.5ml (1 Box = 10 Vials))

Rs. 118.75

Rs. 125.00","118.75

 125.00","118.75

 125.00",53
"Advantec Tablets 16mg+12.5mg (1 Strip = 7 Tablets)

Rs. 299.25

Rs. 315.00","299.25

 315.00","299.25

 315.00",54
"Flucon 35ml Suspension 50mg

Rs. 334.42

Rs. 352.02","334.42

 352.02","334.42

 352.02",54
"Tamsolin-S Tablets 0.4mg+6 Mg (1 Strip = 10 Tablets)

Rs. 1,367.10

Rs. 1,439.00","1,367.10

 1,439.00","1,367.10

 1,439.00",54
"Ondaset Tablets 8mg (1 Box = 10 Tablets)

Rs. 379.10

Rs. 399.00","379.10

 399.00","379.10

 399.00",54
"Destina Tablets 5mg (1 Box = 1 Strip)(1 Strip = 10 Tablets)

Rs. 299.30

Rs. 315.00","299.30

 315.00","299.30

 315.00",54
"Paraxyl Cr Tablets 37.5mg (1 Box = 1 Strip) (1 Strip = 10 Tablets)

Rs. 644.90

Rs. 678.84","644.90

 678.84","644.90

 678.84",54
"Rocip Eye Drops 5ml

Rs. 45.45

Rs. 47.84","45.45

 47.84","45.45

 47.84",54
"Rocip Eye Drops 5ml

Rs. 45.45

Rs. 47.84","45.45

 47.84","45.45

 47.84",54
"Empaphage-M Tablets 12.5/1000mg (1 Strip = 7 Tablets)

Rs. 217.91

Rs. 229.41","217.91

 229.41","217.91

 229.41",54
"Atcomid Tablets 100mg (1 Box = 1 Strip)(1 Strip = 14 Tablets)

Rs. 665.00

Rs. 700.00","665.00

 700.00","665.00

 700.00",54
"Mirabet Tablets 50mg (1 Box = 2 Strips) (1 Strip = 10 Tablets)

Rs. 2,102.20

Rs. 2,212.74","2,102.20

 2,212.74","2,102.20

 2,212.74",54
"Flucon 35ml Suspension 50mg

Rs. 334.42

Rs. 352.02","334.42

 352.02","334.42

 352.02",54
"Rocip Eye Drops 5ml

Rs. 45.45

Rs. 47.84","45.45

 47.84","45.45

 47.84",54
"Rocip Eye Drops 5ml

Rs. 45.45

Rs. 47.84","45.45

 47.84","45.45

 47.84",54
"Elgozon Tablets 200mg (1 Box = 10 Tablets)

Rs. 247.00

Rs. 260.00","247.00

 260.00","247.00

 260.00",54
"Plarvy Cough Syrup 120ml

Rs. 370.50

Rs. 390.00","370.50

 390.00","370.50

 390.00",54
"Melas Cream 15g

Rs. 341.05

Rs. 359.00","341.05

 359.00","341.05

 359.00",54
"Vorinaz Tablets 200mg (1 Box = 1 Strip)(1 Strip = 10 Tablets)

Rs. 1,666.20

Rs. 1,753.92","1,666.20

 1,753.92","1,666.20

 1,753.92",55
"Crestat Tablets 10mg (1 Box = 1 Strip)(1 Strip = 10 Tablets)

Rs. 456.10

Rs. 480.11","456.10

 480.11","456.10

 480.11",55
"Rosemary Oil 10ml

Rs. 921.50

Rs. 970.00","921.50

 970.00","921.50

 970.00",55
"Flucon 35ml Suspension 50mg

Rs. 334.42

Rs. 352.02","334.42

 352.02","334.42

 352.02",55
"Melas Cream 15g

Rs. 341.05

Rs. 359.00","341.05

 359.00","341.05

 359.00",55
"Dicloran Topical Gel 30g

Rs. 242.25

Rs. 255.00","242.25

 255.00","242.25

 255.00",55
"Ondaset Tablets 8mg (1 Box = 10 Tablets)

Rs. 379.10

Rs. 399.00","379.10

 399.00","379.10

 399.00",55
"Sacvin 200 Tablets 97mg/103mg (1 Box = 3 Strips) (1 Strip = 10 Tablets)

Rs. 1,038.30

Rs. 1,092.86","1,038.30

 1,092.86","1,038.30

 1,092.86",55
"Gvia-M Tablets 50mg/1000mg (1 Strip = 7 Tablets)

Rs. 259.35

Rs. 273.00","259.35

 273.00","259.35

 273.00",55
"Plarvy Cough Syrup 120ml

Rs. 370.50

Rs. 390.00","370.50

 390.00","370.50

 390.00",55
"Cefspan Capsules 400mg (1 Bottle = 5 Capsules)

Rs. 693.50

Rs. 730.00","693.50

 730.00","693.50

 730.00",55
"Brivace Tablets 50mg (1 Box = 2 Strips) (1 Strip = 7 Tablets)

Rs. 1,309.14

Rs. 1,378.00","1,309.14

 1,378.00","1,309.14

 1,378.00",55
"Misty Oil 30ml

Rs. 1,805.00

Rs. 1,900.00","1,805.00

 1,900.00","1,805.00

 1,900.00",55
"Tasmi Tablets 40mg (1 Strip = 7 Tablets)

Rs. 35.63

Rs. 37.50","35.63

 37.50","35.63

 37.50",55
"Artheget-Ez Tablets 80mg+480mg (1 Box = 2 Strips) (1 Strip = 3 Tablets)

Rs. 585.18

Rs. 616.00","585.18

 616.00","585.18

 616.00",55
"Fcm Iv Injection 500mg/10ml (1 Box = 1 Injection)

Rs. 2,327.50

Rs. 2,450.00","2,327.50

 2,450.00","2,327.50

 2,450.00",55
"Brivace Tablets 50mg (1 Box = 2 Strips) (1 Strip = 7 Tablets)

Rs. 1,309.14

Rs. 1,378.00","1,309.14

 1,378.00","1,309.14

 1,378.00",55
"Bismol Suspension 120ml

Rs. 142.50

Rs. 150.00","142.50

 150.00","142.50

 150.00",56
"Dicloran Topical Gel 30g

Rs. 242.25

Rs. 255.00","242.25

 255.00","242.25

 255.00",56
"Plarvy Cough Syrup 120ml

Rs. 370.50

Rs. 390.00","370.50

 390.00","370.50

 390.00",56
"Tirzee Injection 10mg/0.5ml (1 Box = 1prefilled Pen)

Rs. 9,500.00

Rs. 10,000.00","9,500.00

 10,000.00","9,500.00

 10,000.00",56
"Iroxide-F Tablets 100mg + 0.35mg (1 Box = 3 Strips) (1 Strip = 10 Tablets)

Rs. 107.70

Rs. 113.33","107.70

 113.33","107.70

 113.33",56
"Bismol Suspension 120ml

Rs. 142.50

Rs. 150.00","142.50

 150.00","142.50

 150.00",56
"Plarvy Cough Syrup 120ml

Rs. 370.50

Rs. 390.00","370.50

 390.00","370.50

 390.00",56
"Vorinaz Tablets 200mg (1 Box = 1 Strip)(1 Strip = 10 Tablets)

Rs. 1,666.20

Rs. 1,753.92","1,666.20

 1,753.92","1,666.20

 1,753.92",56
"Dicloran Topical Gel 30g

Rs. 242.25

Rs. 255.00","242.25

 255.00","242.25

 255.00",56
"Tirzee Injection 10mg/0.5ml (1 Box = 1prefilled Pen)

Rs. 9,500.00

Rs. 10,000.00","9,500.00

 10,000.00","9,500.00

 10,000.00",56
"Plarvy Cough Syrup 120ml

Rs. 370.50

Rs. 390.00","370.50

 390.00","370.50

 390.00",56
"Plarvy Cough Syrup 120ml

Rs. 370.50

Rs. 390.00","370.50

 390.00","370.50

 390.00",56
"Artheget-Ez Tablets 80mg+480mg (1 Box = 2 Strips) (1 Strip = 3 Tablets)

Rs. 585.18

Rs. 616.00","585.18

 616.00","585.18

 616.00",56
"Tenofo-B Tablets 300mg

Rs. 4,065.90

Rs. 4,280.00","4,065.90

 4,280.00","4,065.90

 4,280.00",56
"Tirzee Injection 10mg/0.5ml (1 Box = 1prefilled Pen)

Rs. 9,500.00

Rs. 10,000.00","9,500.00

 10,000.00","9,500.00

 10,000.00",56
"Crestat Tablets 10mg (1 Box = 1 Strip)(1 Strip = 10 Tablets)

Rs. 456.10

Rs. 480.11","456.10

 480.11","456.10

 480.11",56
"Crestat Tablets 10mg (1 Box = 1 Strip)(1 Strip = 10 Tablets)

Rs. 456.10

Rs. 480.11","456.10

 480.11","456.10

 480.11",56
"Dicloran Topical Gel 30g

Rs. 242.25

Rs. 255.00","242.25

 255.00","242.25

 255.00",57
"Plarvy Cough Syrup 120ml

Rs. 370.50

Rs. 390.00","370.50

 390.00","370.50

 390.00",57
"Flucon 35ml Suspension 50mg

Rs. 334.42

Rs. 352.02","334.42

 352.02","334.42

 352.02",57
"Iroxide-F Tablets 100mg + 0.35mg (1 Box = 3 Strips) (1 Strip = 10 Tablets)

Rs. 107.70

Rs. 113.33","107.70

 113.33","107.70

 113.33",57
"Tamsolin-S Tablets 0.4mg+6 Mg (1 Strip = 10 Tablets)

Rs. 1,367.10

Rs. 1,439.00","1,367.10

 1,439.00","1,367.10

 1,439.00",57
"Artheget-Ez Tablets 80mg+480mg (1 Box = 2 Strips) (1 Strip = 3 Tablets)

Rs. 585.18

Rs. 616.00","585.18

 616.00","585.18

 616.00",57
"Hytrin Tablets 5mg (1 Strip = 10 Tablets)

Rs. 845.70

Rs. 890.22","845.70

 890.22","845.70

 890.22",57
"Tamsolin-S Tablets 0.4mg+6 Mg (1 Strip = 10 Tablets)

Rs. 1,367.10

Rs. 1,439.00","1,367.10

 1,439.00","1,367.10

 1,439.00",57
"Nassa Tablets 15mg (1 Strip = 10 Tablets)

Rs. 323.00

Rs. 340.00","323.00

 340.00","323.00

 340.00",57
"Vilanto-U Dpi Capsules 62.5mcg+25mcg (1 Box = 3 Strips) (1 Strip = 10 Capsules)

Rs. 348.30

Rs. 366.67","348.30

 366.67","348.30

 366.67",57
"Sinemet Tablets 25mg/250mg (1 Strip = 10 Tablets)

Rs. 269.30

Rs. 283.52","269.30

 283.52","269.30

 283.52",57
"Platrid Tablets 75mg (1 Box = 1 Strip)(1 Strip = 10 Tablets)

Rs. 204.30

Rs. 215.00","204.30

 215.00","204.30

 215.00",57
"Dayline Iv Injection 1g (1 Box = 1 Injection)

Rs. 456.00

Rs. 480.00","456.00

 480.00","456.00

 480.00",57
"Artheget-Ez Tablets 80mg+480mg (1 Box = 2 Strips) (1 Strip = 3 Tablets)

Rs. 585.18

Rs. 616.00","585.18

 616.00","585.18

 616.00",57
"Plarvy Cough Syrup 120ml

Rs. 370.50

Rs. 390.00","370.50

 390.00","370.50

 390.00",57
"Dicloran Topical Gel 30g

Rs. 242.25

Rs. 255.00","242.25

 255.00","242.25

 255.00",57
"Eventone-C Cream 30g

Rs. 1,947.50

Rs. 2,050.00","1,947.50

 2,050.00","1,947.50

 2,050.00",57
"Montika Tablets 10mg (1 Box = 2 Strips) (1 Strip = 7 Tablets)

Rs. 484.54

Rs. 510.00","484.54

 510.00","484.54

 510.00",58
"Combinol-D Syrup 120ml

Rs. 152.00

Rs. 160.00","152.00

 160.00","152.00

 160.00",58
"Dicloran Topical Gel 30g

Rs. 242.25

Rs. 255.00","242.25

 255.00","242.25

 255.00",58
"Sedil Tablets 10mg (1 Box = 3 Strips) (1 Strip = 10 Tablets)

Rs. 288.90

Rs. 304.26","288.90

 304.26","288.90

 304.26",58
"Nutrifactor Biotin Plus Tablets 2500mcg (1 Bottle = 30 Tablets)

Rs. 697.32

Rs. 734.02","697.32

 734.02","697.32

 734.02",58
"Rosemary Oil 10ml

Rs. 921.50

Rs. 970.00","921.50

 970.00","921.50

 970.00",58
"Montika Tablets 10mg (1 Box = 2 Strips) (1 Strip = 7 Tablets)

Rs. 484.54

Rs. 510.00","484.54

 510.00","484.54

 510.00",58
"Montika Tablets 10mg (1 Box = 2 Strips) (1 Strip = 7 Tablets)

Rs. 484.54

Rs. 510.00","484.54

 510.00","484.54

 510.00",58
"Reteric Capsules 75mg (1 Strip = 7 Capsules)

Rs. 226.52

Rs. 238.48","226.52

 238.48","226.52

 238.48",58
"Gvia-M Tablets 50mg/1000mg (1 Strip = 7 Tablets)

Rs. 259.35

Rs. 273.00","259.35

 273.00","259.35

 273.00",58
"Solophar Mouth & Throat Spray 50ml

Rs. 1,212.96

Rs. 1,276.80","1,212.96

 1,276.80","1,212.96

 1,276.80",58
"Crestat Tablets 10mg (1 Box = 1 Strip)(1 Strip = 10 Tablets)

Rs. 456.10

Rs. 480.11","456.10

 480.11","456.10

 480.11",58
"Plarvy Cough Syrup 120ml

Rs. 370.50

Rs. 390.00","370.50

 390.00","370.50

 390.00",58
"Spasrid Tablets (1 Box = 3 Strips) (1 Strip = 10 Tablets)

Rs. 427.50

Rs. 450.00","427.50

 450.00","427.50

 450.00",58
"Mirabet Tablets 50mg (1 Box = 2 Strips) (1 Strip = 10 Tablets)

Rs. 2,102.20

Rs. 2,212.74","2,102.20

 2,212.74","2,102.20

 2,212.74",58
"Kleen Enema Rectal Liquid 135ml

Rs. 237.50

Rs. 250.00","237.50

 250.00","237.50

 250.00",58
"Montika Tablets 10mg (1 Box = 2 Strips) (1 Strip = 7 Tablets)

Rs. 484.54

Rs. 510.00","484.54

 510.00","484.54

 510.00",58
"Healthaid Iro Active Capsules (1 Box = 30 Capsules)

Rs. 1,900.00

Rs. 2,000.00","1,900.00

 2,000.00","1,900.00

 2,000.00",59
"Tirzee Injection 10mg/0.5ml (1 Box = 1prefilled Pen)

Rs. 9,500.00

Rs. 10,000.00","9,500.00

 10,000.00","9,500.00

 10,000.00",59
"Artheget-Ez Tablets 80mg+480mg (1 Box = 2 Strips) (1 Strip = 3 Tablets)

Rs. 585.18

Rs. 616.00","585.18

 616.00","585.18

 616.00",59
"Sinemet Tablets 25mg/250mg (1 Strip = 10 Tablets)

Rs. 269.30

Rs. 283.52","269.30

 283.52","269.30

 283.52",59
"Calamox Ds 90ml Suspension 312.50mg/5ml

Rs. 327.10

Rs. 344.32","327.10

 344.32","327.10

 344.32",59
"Tirzee Injection 10mg/0.5ml (1 Box = 1prefilled Pen)

Rs. 9,500.00

Rs. 10,000.00","9,500.00

 10,000.00","9,500.00

 10,000.00",59
"Nassa Tablets 15mg (1 Strip = 10 Tablets)

Rs. 323.00

Rs. 340.00","323.00

 340.00","323.00

 340.00",59
"Gvia-M Tablets 50mg/1000mg (1 Strip = 7 Tablets)

Rs. 259.35

Rs. 273.00","259.35

 273.00","259.35

 273.00",59
"Butyn Tablets 5mg (1 Strip = 10 Tablets)

Rs. 541.50

Rs. 570.00","541.50

 570.00","541.50

 570.00",59
"Calamox Ds 90ml Suspension 312.50mg/5ml

Rs. 327.10

Rs. 344.32","327.10

 344.32","327.10

 344.32",59
"Cipram Tablets 20mg (1 Box = 1 Strip)(1 Strip = 14 Tablets)

Rs. 1,417.22

Rs. 1,491.82","1,417.22

 1,491.82","1,417.22

 1,491.82",59
"Tirzee Injection 10mg/0.5ml (1 Box = 1prefilled Pen)

Rs. 9,500.00

Rs. 10,000.00","9,500.00

 10,000.00","9,500.00

 10,000.00",59
"Kleen Enema Rectal Liquid 135ml

Rs. 237.50

Rs. 250.00","237.50

 250.00","237.50

 250.00",59
"Paraxyl Cr Tablets 37.5mg (1 Box = 1 Strip) (1 Strip = 10 Tablets)

Rs. 644.90

Rs. 678.84","644.90

 678.84","644.90

 678.84",59
"Calamox Ds 90ml Suspension 312.50mg/5ml

Rs. 327.10

Rs. 344.32","327.10

 344.32","327.10

 344.32",59
"Sangobion Capsules (1 Strip = 10 Capsules)

Rs. 346.75

Rs. 364.99","346.75

 364.99","346.75

 364.99",59
"Klaricid 60ml Suspension 125mg/5ml

Rs. 549.64

Rs. 578.57","549.64

 578.57","549.64

 578.57",60
"Ivermite Tablets 6mg (1 Box = 1 Strip)(1 Strip = 10 Tablets)

Rs. 428.50

Rs. 451.00","428.50

 451.00","428.50

 451.00",60
"Sedil Tablets 10mg (1 Box = 3 Strips) (1 Strip = 10 Tablets)

Rs. 288.90

Rs. 304.26","288.90

 304.26","288.90

 304.26",60
"Flucon 35ml Suspension 50mg

Rs. 334.42

Rs. 352.02","334.42

 352.02","334.42

 352.02",60
"Rosemary Oil 10ml

Rs. 921.50

Rs. 970.00","921.50

 970.00","921.50

 970.00",60
"Healthaid Osteovit-D Calcium Plus Tablets (1 Box = 30 Tablets)

Rs. 1,681.50

Rs. 1,770.00","1,681.50

 1,770.00","1,681.50

 1,770.00",60
"Dermive Urea Lotion 100ml

Rs. 1,004.15

Rs. 1,057.00","1,004.15

 1,057.00","1,004.15

 1,057.00",60
"Tirzee Injection 10mg/0.5ml (1 Box = 1prefilled Pen)

Rs. 9,500.00

Rs. 10,000.00","9,500.00

 10,000.00","9,500.00

 10,000.00",60
"Letrozone Tablets 2.5mg (1 Box = 1 Strip) (1 Strip = 10 Tablets)

Rs. 2,375.00

Rs. 2,500.00","2,375.00

 2,500.00","2,375.00

 2,500.00",60
"Dicloran Topical Gel 30g

Rs. 242.25

Rs. 255.00","242.25

 255.00","242.25

 255.00",60
"Genticyn Eye/Ear Drops 7.5ml

Rs. 46.29

Rs. 48.73","46.29

 48.73","46.29

 48.73",60
"Dicloran Topical Gel 30g

Rs. 242.25

Rs. 255.00","242.25

 255.00","242.25

 255.00",60
"Cefspan Capsules 400mg (1 Bottle = 5 Capsules)

Rs. 693.50

Rs. 730.00","693.50

 730.00","693.50

 730.00",60
"Persch 30ml Syrup 1mg/Ml

Rs. 503.50

Rs. 530.00","503.50

 530.00","503.50

 530.00",60
"Cartigen Tablets 500/400mg (1 Box = 4 Strips) (1 Strip = 5 Tablets)

Rs. 1,330.00

Rs. 1,400.00","1,330.00

 1,400.00","1,330.00

 1,400.00",60
"Persch 30ml Syrup 1mg/Ml

Rs. 503.50

Rs. 530.00","503.50

 530.00","503.50

 530.00",60
"Cartigen Tablets 500/400mg (1 Box = 4 Strips) (1 Strip = 5 Tablets)

Rs. 1,330.00

Rs. 1,400.00","1,330.00

 1,400.00","1,330.00

 1,400.00",61
"Hytrin Tablets 5mg (1 Strip = 10 Tablets)

Rs. 845.70

Rs. 890.22","845.70

 890.22","845.70

 890.22",61
"Cartigen Tablets 500/400mg (1 Box = 4 Strips) (1 Strip = 5 Tablets)

Rs. 1,330.00

Rs. 1,400.00","1,330.00

 1,400.00","1,330.00

 1,400.00",61
"Progeffik Softgel Capsules 200mg (1 Box = 1 Strip)(1 Strip = 15 Capsules)

Rs. 1,956.30

Rs. 2,059.24","1,956.30

 2,059.24","1,956.30

 2,059.24",61
"Artheget-Ez Tablets 80mg+480mg (1 Box = 2 Strips) (1 Strip = 3 Tablets)

Rs. 585.18

Rs. 616.00","585.18

 616.00","585.18

 616.00",61
"Klaricid 60ml Suspension 125mg/5ml

Rs. 549.64

Rs. 578.57","549.64

 578.57","549.64

 578.57",61
"Persch 30ml Syrup 1mg/Ml

Rs. 503.50

Rs. 530.00","503.50

 530.00","503.50

 530.00",61
"Nassa Tablets 15mg (1 Strip = 10 Tablets)

Rs. 323.00

Rs. 340.00","323.00

 340.00","323.00

 340.00",61
"Calamox Ds 90ml Suspension 312.50mg/5ml

Rs. 327.10

Rs. 344.32","327.10

 344.32","327.10

 344.32",61
"Tirzee Injection 10mg/0.5ml (1 Box = 1prefilled Pen)

Rs. 9,500.00

Rs. 10,000.00","9,500.00

 10,000.00","9,500.00

 10,000.00",61
"Genticyn Eye/Ear Drops 7.5ml

Rs. 46.29

Rs. 48.73","46.29

 48.73","46.29

 48.73",61
"Persch 30ml Syrup 1mg/Ml

Rs. 503.50

Rs. 530.00","503.50

 530.00","503.50

 530.00",61
"Persch 30ml Syrup 1mg/Ml

Rs. 503.50

Rs. 530.00","503.50

 530.00","503.50

 530.00",61
"Cefspan Capsules 400mg (1 Bottle = 5 Capsules)

Rs. 693.50

Rs. 730.00","693.50

 730.00","693.50

 730.00",61
"Ondaset Tablets 8mg (1 Box = 10 Tablets)

Rs. 379.10

Rs. 399.00","379.10

 399.00","379.10

 399.00",61
"Sedil Tablets 10mg (1 Box = 3 Strips) (1 Strip = 10 Tablets)

Rs. 288.90

Rs. 304.26","288.90

 304.26","288.90

 304.26",61
"Flucon 35ml Suspension 50mg

Rs. 334.42

Rs. 352.02","334.42

 352.02","334.42

 352.02",61
"Avorek Tablets 50mg (1 Strip = 10 Tablets)

Rs. 10.97

Rs. 11.55","10.97

 11.55","10.97

 11.55",62
"Healthaid Osteovit-D Calcium Plus Tablets (1 Box = 30 Tablets)

Rs. 1,681.50

Rs. 1,770.00","1,681.50

 1,770.00","1,681.50

 1,770.00",62
"Alphagan Eye Drops 0.2% 5ml

Rs. 807.50

Rs. 850.00","807.50

 850.00","807.50

 850.00",62
"Optra-S Nebuliser Solution 0.5mg+2.5mg/2.5ml (1 Box = 10 Vials))

Rs. 118.75

Rs. 125.00","118.75

 125.00","118.75

 125.00",62
"Flucon 35ml Suspension 50mg

Rs. 334.42

Rs. 352.02","334.42

 352.02","334.42

 352.02",62
"Genticyn Eye/Ear Drops 7.5ml

Rs. 46.29

Rs. 48.73","46.29

 48.73","46.29

 48.73",62
"Artheget-Ez Tablets 80mg+480mg (1 Box = 2 Strips) (1 Strip = 3 Tablets)

Rs. 585.18

Rs. 616.00","585.18

 616.00","585.18

 616.00",62
"Montika Tablets 10mg (1 Box = 2 Strips) (1 Strip = 7 Tablets)

Rs. 484.54

Rs. 510.00","484.54

 510.00","484.54

 510.00",62
"Progeffik Softgel Capsules 200mg (1 Box = 1 Strip)(1 Strip = 15 Capsules)

Rs. 1,956.30

Rs. 2,059.24","1,956.30

 2,059.24","1,956.30

 2,059.24",62
"Plarvy Cough Syrup 120ml

Rs. 370.50

Rs. 390.00","370.50

 390.00","370.50

 390.00",62
"Vilanto-U Dpi Capsules 62.5mcg+25mcg (1 Box = 3 Strips) (1 Strip = 10 Capsules)

Rs. 348.30

Rs. 366.67","348.30

 366.67","348.30

 366.67",62
"Tracnesan Cream 0.05% 10g

Rs. 235.13

Rs. 247.51","235.13

 247.51","235.13

 247.51",62
"Persch 30ml Syrup 1mg/Ml

Rs. 503.50

Rs. 530.00","503.50

 530.00","503.50

 530.00",62
"Fibre One Cereals

Rs. 213.78

Rs. 225.00","213.78

 225.00","213.78

 225.00",62
"Persch 30ml Syrup 1mg/Ml

Rs. 503.50

Rs. 530.00","503.50

 530.00","503.50

 530.00",62
"Sinemet Tablets 25mg/250mg (1 Strip = 10 Tablets)

Rs. 269.30

Rs. 283.52","269.30

 283.52","269.30

 283.52",63
"Calamox Ds 90ml Suspension 312.50mg/5ml

Rs. 327.10

Rs. 344.32","327.10

 344.32","327.10

 344.32",63
"Calamox Ds 90ml Suspension 312.50mg/5ml

Rs. 327.10

Rs. 344.32","327.10

 344.32","327.10

 344.32",63
"Crestat Ez Tablets 20mg/10mg (1 Box = 1 Strip) (1 Strip = 10 Tablets)

Rs. 647.00

Rs. 681.10","647.00

 681.10","647.00

 681.10",63
"Hytrin Tablets 5mg (1 Strip = 10 Tablets)

Rs. 845.70

Rs. 890.22","845.70

 890.22","845.70

 890.22",63
"Dicloran Topical Gel 30g

Rs. 242.25

Rs. 255.00","242.25

 255.00","242.25

 255.00",63
"Cefspan Capsules 400mg (1 Bottle = 5 Capsules)

Rs. 693.50

Rs. 730.00","693.50

 730.00","693.50

 730.00",63
"Foxamine Tablets 550mg (1 Box = 1 Strip)(1 Strip = 10 Tablets)

Rs. 1,097.70

Rs. 1,155.45","1,097.70

 1,155.45","1,097.70

 1,155.45",63
"Inosita Plus Xr Tablets 50mg/500mg (1 Box = 2 Strips) (1 Strip = 7 Tablets)

Rs. 651.70

Rs. 686.00","651.70

 686.00","651.70

 686.00",63
"Plarvy Cough Syrup 120ml

Rs. 370.50

Rs. 390.00","370.50

 390.00","370.50

 390.00",63
"Sinemet Extra Tablets 25/100mg (1 Box = 3 Strips) (1 Strip = 10 Tablets)

Rs. 479.10

Rs. 504.34","479.10

 504.34","479.10

 504.34",63
"Persch 30ml Syrup 1mg/Ml

Rs. 503.50

Rs. 530.00","503.50

 530.00","503.50

 530.00",63
"Getfil Tablets 50mg (1 Box = 4 Tablets)

Rs. 380.00

Rs. 400.00","380.00

 400.00","380.00

 400.00",63
"Tracnesan Cream 0.05% 10g

Rs. 235.13

Rs. 247.51","235.13

 247.51","235.13

 247.51",63
"Fibre One Cereals

Rs. 213.78

Rs. 225.00","213.78

 225.00","213.78

 225.00",63
"Sacvin 200 Tablets 97mg/103mg (1 Box = 3 Strips) (1 Strip = 10 Tablets)

Rs. 1,038.30

Rs. 1,092.86","1,038.30

 1,092.86","1,038.30

 1,092.86",63
"Sinemet Tablets 25mg/250mg (1 Strip = 10 Tablets)

Rs. 269.30

Rs. 283.52","269.30

 283.52","269.30

 283.52",64
"Tracnesan Cream 0.05% 10g

Rs. 235.13

Rs. 247.51","235.13

 247.51","235.13

 247.51",64
"Calamox Ds 90ml Suspension 312.50mg/5ml

Rs. 327.10

Rs. 344.32","327.10

 344.32","327.10

 344.32",64
"Fibre One Cereals

Rs. 35.63

Rs. 37.50","35.63

 37.50","35.63

 37.50",64
"Iroxide-F Tablets 100mg + 0.35mg (1 Box = 3 Strips) (1 Strip = 10 Tablets)

Rs. 107.70

Rs. 113.33","107.70

 113.33","107.70

 113.33",64
"Combinol-D Syrup 120ml

Rs. 152.00

Rs. 160.00","152.00

 160.00","152.00

 160.00",64
"Nassa Tablets 15mg (1 Strip = 10 Tablets)

Rs. 323.00

Rs. 340.00","323.00

 340.00","323.00

 340.00",64
"Tracnesan Cream 0.05% 10g

Rs. 235.13

Rs. 247.51","235.13

 247.51","235.13

 247.51",64
"Dicloran Topical Gel 30g

Rs. 242.25

Rs. 255.00","242.25

 255.00","242.25

 255.00",64
"Transamin Im/Iv Injection 250mg 5ml (1 Box = 10 Ampoules)

Rs. 89.87

Rs. 94.60","89.87

 94.60","89.87

 94.60",64
"Rocip Eye Drops 5ml

Rs. 45.45

Rs. 47.84","45.45

 47.84","45.45

 47.84",64
"Iroxide-F Tablets 100mg + 0.35mg (1 Box = 3 Strips) (1 Strip = 10 Tablets)

Rs. 107.70

Rs. 113.33","107.70

 113.33","107.70

 113.33",64
"Dicloran Topical Gel 30g

Rs. 242.25

Rs. 255.00","242.25

 255.00","242.25

 255.00",64
"Dicloran Topical Gel 30g

Rs. 242.25

Rs. 255.00","242.25

 255.00","242.25

 255.00",64
"Inosita Plus Xr Tablets 50mg/500mg (1 Box = 2 Strips) (1 Strip = 7 Tablets)

Rs. 651.70

Rs. 686.00","651.70

 686.00","651.70

 686.00",64
"Cefspan Capsules 400mg (1 Bottle = 5 Capsules)

Rs. 693.50

Rs. 730.00","693.50

 730.00","693.50

 730.00",64
"Paraxyl Cr Tablets 37.5mg (1 Box = 1 Strip) (1 Strip = 10 Tablets)

Rs. 644.90

Rs. 678.84","644.90

 678.84","644.90

 678.84",65
"Artheget-Ez Tablets 80mg+480mg (1 Box = 2 Strips) (1 Strip = 3 Tablets)

Rs. 585.18

Rs. 616.00","585.18

 616.00","585.18

 616.00",65
"Plarvy Cough Syrup 120ml

Rs. 370.50

Rs. 390.00","370.50

 390.00","370.50

 390.00",65
"Inosita Plus Xr Tablets 50mg/500mg (1 Box = 2 Strips) (1 Strip = 7 Tablets)

Rs. 651.70

Rs. 686.00","651.70

 686.00","651.70

 686.00",65
"Photonic Anti-Dandruf Shampoo 120ml

Rs. 980.69

Rs. 1,032.30","980.69

 1,032.30","980.69

 1,032.30",65
"Xarelto Tablets 20mg (1 Box = 14 Tablets)

Rs. 4,867.94

Rs. 5,124.13","4,867.94

 5,124.13","4,867.94

 5,124.13",65
"Tirzee Injection 10mg/0.5ml (1 Box = 1prefilled Pen)

Rs. 9,500.00

Rs. 10,000.00","9,500.00

 10,000.00","9,500.00

 10,000.00",65
"Multibionta Injection 10ml (1 Box = 5 Ampoules)

Rs. 122.55

Rs. 129.00","122.55

 129.00","122.55

 129.00",65
"Rosemary Oil 10ml

Rs. 921.50

Rs. 970.00","921.50

 970.00","921.50

 970.00",65
"Combinol-D Syrup 120ml

Rs. 152.00

Rs. 160.00","152.00

 160.00","152.00

 160.00",65
"Descol Tablets 20mg (1 Box = 1 Strip)(1 Strip = 10 Tablets)

Rs. 361.00

Rs. 380.00","361.00

 380.00","361.00

 380.00",65
"Persch 30ml Syrup 1mg/Ml

Rs. 503.50

Rs. 530.00","503.50

 530.00","503.50

 530.00",65
"Cefspan Capsules 400mg (1 Bottle = 5 Capsules)

Rs. 693.50

Rs. 730.00","693.50

 730.00","693.50

 730.00",65
"Healthaid Iro Active Capsules (1 Box = 30 Capsules)

Rs. 1,900.00

Rs. 2,000.00","1,900.00

 2,000.00","1,900.00

 2,000.00",65
"Tamsolin-S Tablets 0.4mg+6 Mg (1 Strip = 10 Tablets)

Rs. 1,367.10

Rs. 1,439.00","1,367.10

 1,439.00","1,367.10

 1,439.00",65
"Persch 30ml Syrup 1mg/Ml

Rs. 503.50

Rs. 530.00","503.50

 530.00","503.50

 530.00",65
"Cefspan Capsules 400mg (1 Bottle = 5 Capsules)

Rs. 693.50

Rs. 730.00","693.50

 730.00","693.50

 730.00",66
"Healthaid Iro Active Capsules (1 Box = 30 Capsules)

Rs. 1,900.00

Rs. 2,000.00","1,900.00

 2,000.00","1,900.00

 2,000.00",66
"Polybion Forte Syrup 120ml

Rs. 161.50

Rs. 170.00","161.50

 170.00","161.50

 170.00",66
"Flucon 35ml Suspension 50mg

Rs. 334.42

Rs. 352.02","334.42

 352.02","334.42

 352.02",66
"Polybion Forte Syrup 120ml

Rs. 161.50

Rs. 170.00","161.50

 170.00","161.50

 170.00",66
"Flucon 35ml Suspension 50mg

Rs. 334.42

Rs. 352.02","334.42

 352.02","334.42

 352.02",66
"Vilanto-U Dpi Capsules 62.5mcg+25mcg (1 Box = 3 Strips) (1 Strip = 10 Capsules)

Rs. 348.30

Rs. 366.67","348.30

 366.67","348.30

 366.67",66
"Flucon 35ml Suspension 50mg

Rs. 334.42

Rs. 352.02","334.42

 352.02","334.42

 352.02",66
"Polybion Forte Syrup 120ml

Rs. 161.50

Rs. 170.00","161.50

 170.00","161.50

 170.00",66
"Nassa Tablets 15mg (1 Strip = 10 Tablets)

Rs. 323.00

Rs. 340.00","323.00

 340.00","323.00

 340.00",66
"Vilanto-U Dpi Capsules 62.5mcg+25mcg (1 Box = 3 Strips) (1 Strip = 10 Capsules)

Rs. 348.30

Rs. 366.67","348.30

 366.67","348.30

 366.67",66
"Tirzee Injection 10mg/0.5ml (1 Box = 1prefilled Pen)

Rs. 9,500.00

Rs. 10,000.00","9,500.00

 10,000.00","9,500.00

 10,000.00",66
"Vilanto-U Dpi Capsules 62.5mcg+25mcg (1 Box = 3 Strips) (1 Strip = 10 Capsules)

Rs. 348.30

Rs. 366.67","348.30

 366.67","348.30

 366.67",66
"Atcomid Tablets 100mg (1 Box = 1 Strip)(1 Strip = 14 Tablets)

Rs. 665.00

Rs. 700.00","665.00

 700.00","665.00

 700.00",66
"Vilanto-U Dpi Capsules 62.5mcg+25mcg (1 Box = 3 Strips) (1 Strip = 10 Capsules)

Rs. 348.30

Rs. 366.67","348.30

 366.67","348.30

 366.67",66
"Progeffik Softgel Capsules 200mg (1 Box = 1 Strip)(1 Strip = 15 Capsules)

Rs. 1,956.30

Rs. 2,059.24","1,956.30

 2,059.24","1,956.30

 2,059.24",66
"Kleen Enema Rectal Liquid 135ml

Rs. 237.50

Rs. 250.00","237.50

 250.00","237.50

 250.00",67
"Atcomid Tablets 100mg (1 Box = 1 Strip)(1 Strip = 14 Tablets)

Rs. 665.00

Rs. 700.00","665.00

 700.00","665.00

 700.00",67
"Aprovel Tablets 150mg (1 Strip = 14 Tablets)

Rs. 270.48

Rs. 284.76","270.48

 284.76","270.48

 284.76",67
"Atcomid Tablets 100mg (1 Box = 1 Strip)(1 Strip = 14 Tablets)

Rs. 665.00

Rs. 700.00","665.00

 700.00","665.00

 700.00",67
"Descol Tablets 20mg (1 Box = 1 Strip)(1 Strip = 10 Tablets)

Rs. 361.00

Rs. 380.00","361.00

 380.00","361.00

 380.00",67
"Genticyn Eye/Ear Drops 7.5ml

Rs. 46.29

Rs. 48.73","46.29

 48.73","46.29

 48.73",67
"Kleen Enema Rectal Liquid 135ml

Rs. 237.50

Rs. 250.00","237.50

 250.00","237.50

 250.00",67
"Atcomid Tablets 100mg (1 Box = 1 Strip)(1 Strip = 14 Tablets)

Rs. 665.00

Rs. 700.00","665.00

 700.00","665.00

 700.00",67
"Descol Tablets 20mg (1 Box = 1 Strip)(1 Strip = 10 Tablets)

Rs. 361.00

Rs. 380.00","361.00

 380.00","361.00

 380.00",67
"Dayline Iv Injection 1g (1 Box = 1 Injection)

Rs. 456.00

Rs. 480.00","456.00

 480.00","456.00

 480.00",67
"Flucon 35ml Suspension 50mg

Rs. 334.42

Rs. 352.02","334.42

 352.02","334.42

 352.02",67
"Tamsolin-S Tablets 0.4mg+6 Mg (1 Strip = 10 Tablets)

Rs. 1,367.10

Rs. 1,439.00","1,367.10

 1,439.00","1,367.10

 1,439.00",67
"Dicloran Topical Gel 30g

Rs. 242.25

Rs. 255.00","242.25

 255.00","242.25

 255.00",67
"Covam Plus Tablets 10mg+160mg+25mg (1 Box = 4 Strips) (1 Strip = 7 Tablets)

Rs. 584.36

Rs. 615.00","584.36

 615.00","584.36

 615.00",67
"Dicloran Topical Gel 30g

Rs. 242.25

Rs. 255.00","242.25

 255.00","242.25

 255.00",67
"Terbimax Tablets 250mg (1 Box = 1 Strip)(1 Strip = 10 Tablets)

Rs. 807.50

Rs. 850.00","807.50

 850.00","807.50

 850.00",67
"Dicloran Topical Gel 30g

Rs. 242.25

Rs. 255.00","242.25

 255.00","242.25

 255.00",67
"Vilanto-U Dpi Capsules 62.5mcg+25mcg (1 Box = 3 Strips) (1 Strip = 10 Capsules)

Rs. 348.30

Rs. 366.67","348.30

 366.67","348.30

 366.67",68
"Cefspan Capsules 400mg (1 Bottle = 5 Capsules)

Rs. 693.50

Rs. 730.00","693.50

 730.00","693.50

 730.00",68
"Ondaset Tablets 8mg (1 Box = 10 Tablets)

Rs. 379.10

Rs. 399.00","379.10

 399.00","379.10

 399.00",68
"Persch 30ml Syrup 1mg/Ml

Rs. 503.50

Rs. 530.00","503.50

 530.00","503.50

 530.00",68
"Ondaset Tablets 8mg (1 Box = 10 Tablets)

Rs. 379.10

Rs. 399.00","379.10

 399.00","379.10

 399.00",68
"Persch 30ml Syrup 1mg/Ml

Rs. 503.50

Rs. 530.00","503.50

 530.00","503.50

 530.00",68
"Fdl Ringer Infusion 500ml

Rs. 287.79

Rs. 302.94","287.79

 302.94","287.79

 302.94",68
"Atcomid Tablets 100mg (1 Box = 1 Strip)(1 Strip = 14 Tablets)

Rs. 665.00

Rs. 700.00","665.00

 700.00","665.00

 700.00",68
"Fcm Iv Injection 500mg/10ml (1 Box = 1 Injection)

Rs. 2,327.50

Rs. 2,450.00","2,327.50

 2,450.00","2,327.50

 2,450.00",68
"Healthaid Iro Active Capsules (1 Box = 30 Capsules)

Rs. 1,900.00

Rs. 2,000.00","1,900.00

 2,000.00","1,900.00

 2,000.00",68
"Funge Tablets 250mg (1 Box = 2 Strips) (1 Strip = 5 Tablets)

Rs. 760.00

Rs. 800.00","760.00

 800.00","760.00

 800.00",68
"Kleen Enema Rectal Liquid 135ml

Rs. 237.50

Rs. 250.00","237.50

 250.00","237.50

 250.00",68
"Flutiaze Nasal Spray 137mcg + 50mcg

Rs. 788.50

Rs. 830.00","788.50

 830.00","788.50

 830.00",68
"Dicloran Topical Gel 30g

Rs. 242.25

Rs. 255.00","242.25

 255.00","242.25

 255.00",68
"Sedil Tablets 10mg (1 Box = 3 Strips) (1 Strip = 10 Tablets)

Rs. 288.90

Rs. 304.26","288.90

 304.26","288.90

 304.26",68
"Dicloran Topical Gel 30g

Rs. 242.25

Rs. 255.00","242.25

 255.00","242.25

 255.00",68
"Sedil Tablets 10mg (1 Box = 3 Strips) (1 Strip = 10 Tablets)

Rs. 288.90

Rs. 304.26","288.90

 304.26","288.90

 304.26",69
"Dicloran Topical Gel 30g

Rs. 242.25

Rs. 255.00","242.25

 255.00","242.25

 255.00",69
"Atcomid Tablets 100mg (1 Box = 1 Strip)(1 Strip = 14 Tablets)

Rs. 665.00

Rs. 700.00","665.00

 700.00","665.00

 700.00",69
"Dicloran Topical Gel 30g

Rs. 242.25

Rs. 255.00","242.25

 255.00","242.25

 255.00",69
"Calamox Ds 90ml Suspension 312.50mg/5ml

Rs. 327.10

Rs. 344.32","327.10

 344.32","327.10

 344.32",69
"Tenofo-B Tablets 300mg

Rs. 4,065.90

Rs. 4,280.00","4,065.90

 4,280.00","4,065.90

 4,280.00",69
"Calamox Ds 90ml Suspension 312.50mg/5ml

Rs. 327.10

Rs. 344.32","327.10

 344.32","327.10

 344.32",69
"Tenofo-B Tablets 300mg

Rs. 4,065.90

Rs. 4,280.00","4,065.90

 4,280.00","4,065.90

 4,280.00",69
"Artheget-Ez Tablets 80mg+480mg (1 Box = 2 Strips) (1 Strip = 3 Tablets)

Rs. 585.18

Rs. 616.00","585.18

 616.00","585.18

 616.00",69
"Calamox Ds 90ml Suspension 312.50mg/5ml

Rs. 327.10

Rs. 344.32","327.10

 344.32","327.10

 344.32",69
"Nassa Tablets 15mg (1 Strip = 10 Tablets)

Rs. 323.00

Rs. 340.00","323.00

 340.00","323.00

 340.00",69
"Ansaid Tablets 100mg (1 Strip = 10 Tablets)

Rs. 133.10

Rs. 140.07","133.10

 140.07","133.10

 140.07",69
"Kleen Enema Rectal Liquid 135ml

Rs. 237.50

Rs. 250.00","237.50

 250.00","237.50

 250.00",69
"Elgozon Tablets 200mg (1 Box = 10 Tablets)

Rs. 247.00

Rs. 260.00","247.00

 260.00","247.00

 260.00",69
"Paraxyl Cr Tablets 37.5mg (1 Box = 1 Strip) (1 Strip = 10 Tablets)

Rs. 644.90

Rs. 678.84","644.90

 678.84","644.90

 678.84",69
"Tamsolin-S Tablets 0.4mg+6 Mg (1 Strip = 10 Tablets)

Rs. 1,367.10

Rs. 1,439.00","1,367.10

 1,439.00","1,367.10

 1,439.00",69
"Persch 30ml Syrup 1mg/Ml

Rs. 503.50

Rs. 530.00","503.50

 530.00","503.50

 530.00",70
"Sem-O Tablets 3mg (1 Box = 2 Strips) (1 Strip = 7 Tablets)

Rs. 1,163.75

Rs. 1,225.00","1,163.75

 1,225.00","1,163.75

 1,225.00",70
"Funge Tablets 250mg (1 Box = 2 Strips) (1 Strip = 5 Tablets)

Rs. 760.00

Rs. 800.00","760.00

 800.00","760.00

 800.00",70
"Tracnesan Cream 0.05% 10g

Rs. 235.13

Rs. 247.51","235.13

 247.51","235.13

 247.51",70
"Co-Diovan Tablets 80mg/12.5mg (1 Box = 2 Strips) (1 Strip = 14 Tablets)

Rs. 2,455.88

Rs. 2,585.00","2,455.88

 2,585.00","2,455.88

 2,585.00",70
"Progeffik Softgel Capsules 200mg (1 Box = 1 Strip)(1 Strip = 15 Capsules)

Rs. 1,956.30

Rs. 2,059.24","1,956.30

 2,059.24","1,956.30

 2,059.24",70
"Tenofo-B Tablets 300mg

Rs. 4,065.90

Rs. 4,280.00","4,065.90

 4,280.00","4,065.90

 4,280.00",70
"Tracnesan Cream 0.05% 10g

Rs. 235.13

Rs. 247.51","235.13

 247.51","235.13

 247.51",70
"Inosita Plus Xr Tablets 50mg/500mg (1 Box = 2 Strips) (1 Strip = 7 Tablets)

Rs. 651.70

Rs. 686.00","651.70

 686.00","651.70

 686.00",70
"Persch 30ml Syrup 1mg/Ml

Rs. 503.50

Rs. 530.00","503.50

 530.00","503.50

 530.00",70
"Flucon 35ml Suspension 50mg

Rs. 334.42

Rs. 352.02","334.42

 352.02","334.42

 352.02",70
"Aprovel Tablets 150mg (1 Strip = 14 Tablets)

Rs. 270.48

Rs. 284.76","270.48

 284.76","270.48

 284.76",70
"Montika Tablets 10mg (1 Box = 2 Strips) (1 Strip = 7 Tablets)

Rs. 484.54

Rs. 510.00","484.54

 510.00","484.54

 510.00",70
"Atcomid Tablets 100mg (1 Box = 1 Strip)(1 Strip = 14 Tablets)

Rs. 665.00

Rs. 700.00","665.00

 700.00","665.00

 700.00",70
"Flucon 35ml Suspension 50mg

Rs. 334.42

Rs. 352.02","334.42

 352.02","334.42

 352.02",71
"Cefspan Capsules 400mg (1 Bottle = 5 Capsules)

Rs. 693.50

Rs. 730.00","693.50

 730.00","693.50

 730.00",71
"Vozdow Tablets 10mg (1 Box = 3 Strips) (1 Strip = 10 Tablets)

Rs. 247.00

Rs. 260.00","247.00

 260.00","247.00

 260.00",71
"Combinol-D Syrup 120ml

Rs. 152.00

Rs. 160.00","152.00

 160.00","152.00

 160.00",71
"Romega Capsules 1000mg (1 Strip = 10 Capsules)

Rs. 1,233.10

Rs. 1,298.00","1,233.10

 1,298.00","1,233.10

 1,298.00",71
"Healthaid Iro Active Capsules (1 Box = 30 Capsules)

Rs. 1,900.00

Rs. 2,000.00","1,900.00

 2,000.00","1,900.00

 2,000.00",71
"Combinol-D Syrup 120ml

Rs. 152.00

Rs. 160.00","152.00

 160.00","152.00

 160.00",71
"Lamictal Tablets 100mg (1 Strip = 15 Tablets)

Rs. 1,852.35

Rs. 1,949.81","1,852.35

 1,949.81","1,852.35

 1,949.81",71
"Tracnesan Cream 0.05% 10g

Rs. 235.13

Rs. 247.51","235.13

 247.51","235.13

 247.51",71
"Kleen Enema Rectal Liquid 135ml

Rs. 237.50

Rs. 250.00","237.50

 250.00","237.50

 250.00",71
"Nassa Tablets 15mg (1 Strip = 10 Tablets)

Rs. 323.00

Rs. 340.00","323.00

 340.00","323.00

 340.00",71
"Tracnesan Cream 0.05% 10g

Rs. 235.13

Rs. 247.51","235.13

 247.51","235.13

 247.51",71
"Vozdow Tablets 10mg (1 Box = 3 Strips) (1 Strip = 10 Tablets)

Rs. 247.00

Rs. 260.00","247.00

 260.00","247.00

 260.00",71
"Cefspan Capsules 400mg (1 Bottle = 5 Capsules)

Rs. 693.50

Rs. 730.00","693.50

 730.00","693.50

 730.00",71
"Flucon 35ml Suspension 50mg

Rs. 334.42

Rs. 352.02","334.42

 352.02","334.42

 352.02",71
"Persch 30ml Syrup 1mg/Ml

Rs. 503.50

Rs. 530.00","503.50

 530.00","503.50

 530.00",72
"Tirzee Injection 10mg/0.5ml (1 Box = 1prefilled Pen)

Rs. 9,500.00

Rs. 10,000.00","9,500.00

 10,000.00","9,500.00

 10,000.00",72
"Vozdow Tablets 10mg (1 Box = 3 Strips) (1 Strip = 10 Tablets)

Rs. 247.00

Rs. 260.00","247.00

 260.00","247.00

 260.00",72
"Tagipmet Xr Tablets 50mg/1000mg (1 Box = 2 Strips) (1 Strips = 10 Tablets)

Rs. 408.50

Rs. 430.00","408.50

 430.00","408.50

 430.00",72
"Zentro Tablets 40mg (1 Box = 1 Strip)(1 Strip = 14 Tablets)

Rs. 427.56

Rs. 450.00","427.56

 450.00","427.56

 450.00",72
"Multibionta Injection 10ml (1 Box = 5 Ampoules)

Rs. 122.55

Rs. 129.00","122.55

 129.00","122.55

 129.00",72
"Vilanto-U Dpi Capsules 62.5mcg+25mcg (1 Box = 3 Strips) (1 Strip = 10 Capsules)

Rs. 348.30

Rs. 366.67","348.30

 366.67","348.30

 366.67",72
"Co-Diovan Tablets 80mg/12.5mg (1 Box = 2 Strips) (1 Strip = 14 Tablets)

Rs. 2,455.88

Rs. 2,585.00","2,455.88

 2,585.00","2,455.88

 2,585.00",72
"Travson Eye Drops 0.004% 2.5ml

Rs. 874.00

Rs. 920.00","874.00

 920.00","874.00

 920.00",72
"Tracnesan Cream 0.05% 10g

Rs. 235.13

Rs. 247.51","235.13

 247.51","235.13

 247.51",72
"Combinol-D Syrup 120ml

Rs. 152.00

Rs. 160.00","152.00

 160.00","152.00

 160.00",72
"Route 2 Health Ez-Col Tablets (1 Bottle = 30 Tablets)

Rs. 1,045.00

Rs. 1,100.00","1,045.00

 1,100.00","1,045.00

 1,100.00",72
"Sedil Tablets 10mg (1 Box = 3 Strips) (1 Strip = 10 Tablets)

Rs. 288.90

Rs. 304.26","288.90

 304.26","288.90

 304.26",72
"Co-Diovan Tablets 80mg/12.5mg (1 Box = 2 Strips) (1 Strip = 14 Tablets)

Rs. 2,455.88

Rs. 2,585.00","2,455.88

 2,585.00","2,455.88

 2,585.00",72
"Plarvy Cough Syrup 120ml

Rs. 370.50

Rs. 390.00","370.50

 390.00","370.50

 390.00",72
"Ondaset Tablets 8mg (1 Box = 10 Tablets)

Rs. 379.10

Rs. 399.00","379.10

 399.00","379.10

 399.00",72
"Coversyl Tablets 8mg (1 Box = 1 Strip)(1 Strip = 10 Tablets)

Rs. 598.50

Rs. 630.00","598.50

 630.00","598.50

 630.00",72
"Amstan Tablets 5mg+80mg (1 Box = 2 Strips) (1 Strip = 14 Tablets)

Rs. 303.90

Rs. 319.90","303.90

 319.90","303.90

 319.90",73
"Genticyn Eye/Ear Drops 7.5ml

Rs. 46.29

Rs. 48.73","46.29

 48.73","46.29

 48.73",73
"Fibre One Cereals

Rs. 35.63

Rs. 37.50","35.63

 37.50","35.63

 37.50",73
"Genticyn Eye/Ear Drops 7.5ml

Rs. 46.29

Rs. 48.73","46.29

 48.73","46.29

 48.73",73
"Ondaset Tablets 8mg (1 Box = 10 Tablets)

Rs. 379.10

Rs. 399.00","379.10

 399.00","379.10

 399.00",73
"Iroxide-F Tablets 100mg + 0.35mg (1 Box = 3 Strips) (1 Strip = 10 Tablets)

Rs. 107.70

Rs. 113.33","107.70

 113.33","107.70

 113.33",73
"Dicloran Topical Gel 30g

Rs. 242.25

Rs. 255.00","242.25

 255.00","242.25

 255.00",73
"Persch 30ml Syrup 1mg/Ml

Rs. 503.50

Rs. 530.00","503.50

 530.00","503.50

 530.00",73
"Tasmi Tablets 40mg (1 Strip = 7 Tablets)

Rs. 31.22

Rs. 32.86","31.22

 32.86","31.22

 32.86",73
"Progeffik Softgel Capsules 200mg (1 Box = 1 Strip)(1 Strip = 15 Capsules)

Rs. 1,956.30

Rs. 2,059.24","1,956.30

 2,059.24","1,956.30

 2,059.24",73
"Ondaset Tablets 8mg (1 Box = 10 Tablets)

Rs. 379.10

Rs. 399.00","379.10

 399.00","379.10

 399.00",73
"Flucon 35ml Suspension 50mg

Rs. 334.42

Rs. 352.02","334.42

 352.02","334.42

 352.02",73
"Paraxyl Cr Tablets 37.5mg (1 Box = 1 Strip) (1 Strip = 10 Tablets)

Rs. 644.90

Rs. 678.84","644.90

 678.84","644.90

 678.84",73
"Rocip Eye Drops 5ml

Rs. 45.45

Rs. 47.84","45.45

 47.84","45.45

 47.84",73
"Utrogestan Capsules 100mg (1 Strip = 10 Capsules )

Rs. 732.10

Rs. 770.67","732.10

 770.67","732.10

 770.67",73
"Route 2 Health Ez-Col Tablets (1 Bottle = 30 Tablets)

Rs. 1,045.00

Rs. 1,100.00","1,045.00

 1,100.00","1,045.00

 1,100.00",74
"Fcm Iv Injection 500mg/10ml (1 Box = 1 Injection)

Rs. 2,327.50

Rs. 2,450.00","2,327.50

 2,450.00","2,327.50

 2,450.00",74
"Ondaset Tablets 8mg (1 Box = 10 Tablets)

Rs. 379.10

Rs. 399.00","379.10

 399.00","379.10

 399.00",74
"Xarelto Tablets 20mg (1 Box = 14 Tablets)

Rs. 4,867.94

Rs. 5,124.13","4,867.94

 5,124.13","4,867.94

 5,124.13",74
"Montika Tablets 10mg (1 Box = 2 Strips) (1 Strip = 7 Tablets)

Rs. 484.54

Rs. 510.00","484.54

 510.00","484.54

 510.00",74
"Rosemary Oil 10ml

Rs. 921.50

Rs. 970.00","921.50

 970.00","921.50

 970.00",74
"Tamsolin-S Tablets 0.4mg+6 Mg (1 Strip = 10 Tablets)

Rs. 1,367.10

Rs. 1,439.00","1,367.10

 1,439.00","1,367.10

 1,439.00",74
"Sedil Tablets 10mg (1 Box = 3 Strips) (1 Strip = 10 Tablets)

Rs. 288.90

Rs. 304.26","288.90

 304.26","288.90

 304.26",74
"Scirica Capsules 100mg (1 Box = 2 Strips) (1 Strip = 7 Tablets)

Rs. 126.28

Rs. 132.93","126.28

 132.93","126.28

 132.93",74
"Cefspan Capsules 400mg (1 Bottle = 5 Capsules)

Rs. 693.50

Rs. 730.00","693.50

 730.00","693.50

 730.00",74
"Montika Tablets 10mg (1 Box = 2 Strips) (1 Strip = 7 Tablets)

Rs. 484.54

Rs. 510.00","484.54

 510.00","484.54

 510.00",74
"Inosita Tablets 50mg (1 Box = 4 Strips) (1 Strip = 7 Tablets)

Rs. 1,117.20

Rs. 1,176.00","1,117.20

 1,176.00","1,117.20

 1,176.00",74
"Lumexa Cream 30g

Rs. 1,679.04

Rs. 1,767.41","1,679.04

 1,767.41","1,679.04

 1,767.41",74
"Gvia-M Tablets 50mg/500mg (1 Strip = 7 Tablets)

Rs. 252.70

Rs. 266.00","252.70

 266.00","252.70

 266.00",74
"Inosita Plus Xr Tablets 50mg/500mg (1 Box = 2 Strips) (1 Strip = 7 Tablets)

Rs. 651.70

Rs. 686.00","651.70

 686.00","651.70

 686.00",74
"Atcomid Tablets 100mg (1 Box = 1 Strip)(1 Strip = 14 Tablets)

Rs. 665.00

Rs. 700.00","665.00

 700.00","665.00

 700.00",74
"Flucon 35ml Suspension 50mg

Rs. 334.42

Rs. 352.02","334.42

 352.02","334.42

 352.02",75
"Cipesta Tablets 500mg (1 Box = 1 Strip)(1 Strip = 10 Tablets)

Rs. 427.50

Rs. 450.00","427.50

 450.00","427.50

 450.00",75
"Iroxide-F Tablets 100mg + 0.35mg (1 Box = 3 Strips) (1 Strip = 10 Tablets)

Rs. 107.70

Rs. 113.33","107.70

 113.33","107.70

 113.33",75
"Fibre One Cereals

Rs. 35.63

Rs. 37.50","35.63

 37.50","35.63

 37.50",75
"Inosita Plus Xr Tablets 50mg/500mg (1 Box = 2 Strips) (1 Strip = 7 Tablets)

Rs. 651.70

Rs. 686.00","651.70

 686.00","651.70

 686.00",75
"Flucon 35ml Suspension 50mg

Rs. 334.42

Rs. 352.02","334.42

 352.02","334.42

 352.02",75
"Vilanto-U Dpi Capsules 62.5mcg+25mcg (1 Box = 3 Strips) (1 Strip = 10 Capsules)

Rs. 348.30

Rs. 366.67","348.30

 366.67","348.30

 366.67",75
"Sinemet Tablets 25mg/250mg (1 Strip = 10 Tablets)

Rs. 269.30

Rs. 283.52","269.30

 283.52","269.30

 283.52",75
"Inosita Tablets 50mg (1 Box = 4 Strips) (1 Strip = 7 Tablets)

Rs. 1,117.20

Rs. 1,176.00","1,117.20

 1,176.00","1,117.20

 1,176.00",75
"Butyn Tablets 5mg (1 Strip = 10 Tablets)

Rs. 541.50

Rs. 570.00","541.50

 570.00","541.50

 570.00",75
"Sinemet Tablets 25mg/250mg (1 Strip = 10 Tablets)

Rs. 269.30

Rs. 283.52","269.30

 283.52","269.30

 283.52",75
"Inosita Tablets 50mg (1 Box = 4 Strips) (1 Strip = 7 Tablets)

Rs. 1,117.20

Rs. 1,176.00","1,117.20

 1,176.00","1,117.20

 1,176.00",75
"Flucon 35ml Suspension 50mg

Rs. 334.42

Rs. 352.02","334.42

 352.02","334.42

 352.02",75
"Sinemet Tablets 25mg/250mg (1 Strip = 10 Tablets)

Rs. 269.30

Rs. 283.52","269.30

 283.52","269.30

 283.52",75
"Rocip Eye Drops 5ml

Rs. 45.45

Rs. 47.84","45.45

 47.84","45.45

 47.84",75
"Butyn Tablets 5mg (1 Strip = 10 Tablets)

Rs. 541.50

Rs. 570.00","541.50

 570.00","541.50

 570.00",75
"Klaricid 60ml Suspension 125mg/5ml

Rs. 549.64

Rs. 578.57","549.64

 578.57","549.64

 578.57",75
"Rocip Eye Drops 5ml

Rs. 45.45

Rs. 47.84","45.45

 47.84","45.45

 47.84",76
"Butyn Tablets 5mg (1 Strip = 10 Tablets)

Rs. 541.50

Rs. 570.00","541.50

 570.00","541.50

 570.00",76
"Klaricid 60ml Suspension 125mg/5ml

Rs. 549.64

Rs. 578.57","549.64

 578.57","549.64

 578.57",76
"Hyseke Hair Solution 60ml

Rs. 438.91

Rs. 462.01","438.91

 462.01","438.91

 462.01",76
"Butyn Tablets 5mg (1 Strip = 10 Tablets)

Rs. 541.50

Rs. 570.00","541.50

 570.00","541.50

 570.00",76
"Klaricid 60ml Suspension 125mg/5ml

Rs. 549.64

Rs. 578.57","549.64

 578.57","549.64

 578.57",76
"Ondaset Tablets 8mg (1 Box = 10 Tablets)

Rs. 379.10

Rs. 399.00","379.10

 399.00","379.10

 399.00",76
"Dicloran Topical Gel 30g

Rs. 242.25

Rs. 255.00","242.25

 255.00","242.25

 255.00",76
"Tagipmet Xr Tablets 50mg/1000mg (1 Box = 2 Strips) (1 Strips = 10 Tablets)

Rs. 408.50

Rs. 430.00","408.50

 430.00","408.50

 430.00",76
"Fibre One Cereals

Rs. 35.63

Rs. 37.50","35.63

 37.50","35.63

 37.50",76
"Progeffik Softgel Capsules 200mg (1 Box = 1 Strip)(1 Strip = 15 Capsules)

Rs. 1,956.30

Rs. 2,059.24","1,956.30

 2,059.24","1,956.30

 2,059.24",76
"Ondaset Tablets 8mg (1 Box = 10 Tablets)

Rs. 379.10

Rs. 399.00","379.10

 399.00","379.10

 399.00",76
"Combinol-D Syrup 120ml

Rs. 152.00

Rs. 160.00","152.00

 160.00","152.00

 160.00",76
"Progeffik Softgel Capsules 200mg (1 Box = 1 Strip)(1 Strip = 15 Capsules)

Rs. 1,956.30

Rs. 2,059.24","1,956.30

 2,059.24","1,956.30

 2,059.24",76
"Transamin Im/Iv Injection 250mg 5ml (1 Box = 10 Ampoules)

Rs. 24.58

Rs. 25.87","24.58

 25.87","24.58

 25.87",76
"Paraxyl Cr Tablets 37.5mg (1 Box = 1 Strip) (1 Strip = 10 Tablets)

Rs. 644.90

Rs. 678.84","644.90

 678.84","644.90

 678.84",77
"Progeffik Softgel Capsules 200mg (1 Box = 1 Strip)(1 Strip = 15 Capsules)

Rs. 1,956.30

Rs. 2,059.24","1,956.30

 2,059.24","1,956.30

 2,059.24",77
"Progeffik Softgel Capsules 200mg (1 Box = 1 Strip)(1 Strip = 15 Capsules)

Rs. 1,956.30

Rs. 2,059.24","1,956.30

 2,059.24","1,956.30

 2,059.24",77
"Photonic Anti-Dandruf Shampoo 120ml

Rs. 980.69

Rs. 1,032.30","980.69

 1,032.30","980.69

 1,032.30",77
"Cefspan Capsules 400mg (1 Bottle = 5 Capsules)

Rs. 693.50

Rs. 730.00","693.50

 730.00","693.50

 730.00",77
"Cefspan Capsules 400mg (1 Bottle = 5 Capsules)

Rs. 693.50

Rs. 730.00","693.50

 730.00","693.50

 730.00",77
"Xarelto Tablets 20mg (1 Box = 14 Tablets)

Rs. 4,867.94

Rs. 5,124.13","4,867.94

 5,124.13","4,867.94

 5,124.13",77
"Hy-Cortisone Iv/Im Injection 100mg (1 Box = 1 Injection)

Rs. 149.93

Rs. 157.82","149.93

 157.82","149.93

 157.82",77
"Cefspan Capsules 400mg (1 Bottle = 5 Capsules)

Rs. 693.50

Rs. 730.00","693.50

 730.00","693.50

 730.00",77
"Fibre One Cereals

Rs. 35.63

Rs. 37.50","35.63

 37.50","35.63

 37.50",77
"Sedil Tablets 10mg (1 Box = 3 Strips) (1 Strip = 10 Tablets)

Rs. 288.90

Rs. 304.26","288.90

 304.26","288.90

 304.26",77
"Klaricid 60ml Suspension 125mg/5ml

Rs. 549.64

Rs. 578.57","549.64

 578.57","549.64

 578.57",77
"Sinemet Extra Tablets 25/100mg (1 Box = 3 Strips) (1 Strip = 10 Tablets)

Rs. 479.10

Rs. 504.34","479.10

 504.34","479.10

 504.34",77
"Cefspan Capsules 400mg (1 Bottle = 5 Capsules)

Rs. 693.50

Rs. 730.00","693.50

 730.00","693.50

 730.00",77
"Lamictal Tablets 25mg (1 Box = 2 Strips) (1 Strip = 15 Tablets)

Rs. 653.25

Rs. 687.65","653.25

 687.65","653.25

 687.65",77
"Tracnesan Cream 0.05% 10g

Rs. 235.13

Rs. 247.51","235.13

 247.51","235.13

 247.51",77
"Inosita Tablets 50mg (1 Box = 4 Strips) (1 Strip = 7 Tablets)

Rs. 1,117.20

Rs. 1,176.00","1,117.20

 1,176.00","1,117.20

 1,176.00",78
"Dermive Urea Lotion 100ml

Rs. 1,004.15

Rs. 1,057.00","1,004.15

 1,057.00","1,004.15

 1,057.00",78
"Tracnesan Cream 0.05% 10g

Rs. 235.13

Rs. 247.51","235.13

 247.51","235.13

 247.51",78
"Fcm Iv Injection 500mg/10ml (1 Box = 1 Injection)

Rs. 2,327.50

Rs. 2,450.00","2,327.50

 2,450.00","2,327.50

 2,450.00",78
"Tracnesan Cream 0.05% 10g

Rs. 235.13

Rs. 247.51","235.13

 247.51","235.13

 247.51",78
"Fcm Iv Injection 500mg/10ml (1 Box = 1 Injection)

Rs. 2,327.50

Rs. 2,450.00","2,327.50

 2,450.00","2,327.50

 2,450.00",78
"Tracnesan Cream 0.05% 10g

Rs. 235.13

Rs. 247.51","235.13

 247.51","235.13

 247.51",78
"Sinemet Extra Tablets 25/100mg (1 Box = 3 Strips) (1 Strip = 10 Tablets)

Rs. 479.10

Rs. 504.34","479.10

 504.34","479.10

 504.34",78
"Dermive Urea Lotion 100ml

Rs. 1,004.15

Rs. 1,057.00","1,004.15

 1,057.00","1,004.15

 1,057.00",78
"Cefspan Capsules 400mg (1 Bottle = 5 Capsules)

Rs. 75.20

Rs. 79.17","75.20

 79.17","75.20

 79.17",78
"Sinemet Extra Tablets 25/100mg (1 Box = 3 Strips) (1 Strip = 10 Tablets)

Rs. 479.10

Rs. 504.34","479.10

 504.34","479.10

 504.34",78
"Dermive Urea Lotion 100ml

Rs. 1,004.15

Rs. 1,057.00","1,004.15

 1,057.00","1,004.15

 1,057.00",78
"Cefspan Capsules 400mg (1 Bottle = 5 Capsules)

Rs. 75.20

Rs. 79.17","75.20

 79.17","75.20

 79.17",78
"Tracnesan Cream 0.05% 10g

Rs. 235.13

Rs. 247.51","235.13

 247.51","235.13

 247.51",78
"Tracnesan Cream 0.05% 10g

Rs. 235.13

Rs. 247.51","235.13

 247.51","235.13

 247.51",78
"Tracnesan Cream 0.05% 10g

Rs. 235.13

Rs. 247.51","235.13

 247.51","235.13

 247.51",78
"Flucon 35ml Suspension 50mg

Rs. 334.42

Rs. 352.02","334.42

 352.02","334.42

 352.02",79
"Paraxyl Cr Tablets 37.5mg (1 Box = 1 Strip) (1 Strip = 10 Tablets)

Rs. 644.90

Rs. 678.84","644.90

 678.84","644.90

 678.84",79
"Tracnesan Cream 0.05% 10g

Rs. 235.13

Rs. 247.51","235.13

 247.51","235.13

 247.51",79
"Rocip Eye Drops 5ml

Rs. 45.45

Rs. 47.84","45.45

 47.84","45.45

 47.84",79
"Tracnesan Cream 0.05% 10g

Rs. 235.13

Rs. 247.51","235.13

 247.51","235.13

 247.51",79
"Wintax Iv/Im Injection 1000mg (1 Box = 1 Injection)

Rs. 258.40

Rs. 272.00","258.40

 272.00","258.40

 272.00",79
"Oxyclor Tablets 200mg (1 Box = 3 Strips) (1 Strip = 10 Tablets)

Rs. 500.10

Rs. 526.41","500.10

 526.41","500.10

 526.41",79
"Vilanto-U Dpi Capsules 62.5mcg+25mcg (1 Box = 3 Strips) (1 Strip = 10 Capsules)

Rs. 348.30

Rs. 366.67","348.30

 366.67","348.30

 366.67",79
"Xarelto Tablets 20mg (1 Box = 14 Tablets)

Rs. 4,867.94

Rs. 5,124.13","4,867.94

 5,124.13","4,867.94

 5,124.13",79
"Dermive Urea Lotion 100ml

Rs. 1,004.15

Rs. 1,057.00","1,004.15

 1,057.00","1,004.15

 1,057.00",79
"Rosemary Oil 10ml

Rs. 921.50

Rs. 970.00","921.50

 970.00","921.50

 970.00",79
"Sedil Tablets 10mg (1 Box = 3 Strips) (1 Strip = 10 Tablets)

Rs. 288.90

Rs. 304.26","288.90

 304.26","288.90

 304.26",79
"Cefspan Capsules 400mg (1 Bottle = 5 Capsules)

Rs. 75.20

Rs. 79.17","75.20

 79.17","75.20

 79.17",79
"Combinol-D Syrup 120ml

Rs. 152.00

Rs. 160.00","152.00

 160.00","152.00

 160.00",79
"Melas Cream 15g

Rs. 341.05

Rs. 359.00","341.05

 359.00","341.05

 359.00",79
"Fibre One Cereals

Rs. 35.63

Rs. 37.50","35.63

 37.50","35.63

 37.50",79
"Tracnesan Cream 0.05% 10g

Rs. 235.13

Rs. 247.51","235.13

 247.51","235.13

 247.51",80
"Cefspan Capsules 400mg (1 Bottle = 5 Capsules)

Rs. 75.20

Rs. 79.17","75.20

 79.17","75.20

 79.17",80
"Fibre One Cereals

Rs. 35.63

Rs. 37.50","35.63

 37.50","35.63

 37.50",80
"Tirzee Injection 10mg/0.5ml (1 Box = 1prefilled Pen)

Rs. 9,500.00

Rs. 10,000.00","9,500.00

 10,000.00","9,500.00

 10,000.00",80
"Fcm Iv Injection 500mg/10ml (1 Box = 1 Injection)

Rs. 2,327.50

Rs. 2,450.00","2,327.50

 2,450.00","2,327.50

 2,450.00",80
"Fibre One Cereals

Rs. 35.63

Rs. 37.50","35.63

 37.50","35.63

 37.50",80
"Progeffik Softgel Capsules 200mg (1 Box = 1 Strip)(1 Strip = 15 Capsules)

Rs. 1,956.30

Rs. 2,059.24","1,956.30

 2,059.24","1,956.30

 2,059.24",80
"Tenofo-B Tablets 300mg

Rs. 4,065.90

Rs. 4,280.00","4,065.90

 4,280.00","4,065.90

 4,280.00",80
"Tirzee Injection 10mg/0.5ml (1 Box = 1prefilled Pen)

Rs. 9,500.00

Rs. 10,000.00","9,500.00

 10,000.00","9,500.00

 10,000.00",80
"Tenofo-B Tablets 300mg

Rs. 4,065.90

Rs. 4,280.00","4,065.90

 4,280.00","4,065.90

 4,280.00",80
"Genticyn Eye/Ear Drops 7.5ml

Rs. 46.29

Rs. 48.73","46.29

 48.73","46.29

 48.73",80
"Ondaset Tablets 8mg (1 Box = 10 Tablets)

Rs. 379.10

Rs. 399.00","379.10

 399.00","379.10

 399.00",80
"Tirzee Injection 10mg/0.5ml (1 Box = 1prefilled Pen)

Rs. 9,500.00

Rs. 10,000.00","9,500.00

 10,000.00","9,500.00

 10,000.00",80
"Melas Cream 15g

Rs. 341.05

Rs. 359.00","341.05

 359.00","341.05

 359.00",80
"Artheget-Ez Tablets 80mg+480mg (1 Box = 2 Strips) (1 Strip = 3 Tablets)

Rs. 585.18

Rs. 616.00","585.18

 616.00","585.18

 616.00",80
"Tirzee Injection 10mg/0.5ml (1 Box = 1prefilled Pen)

Rs. 9,500.00

Rs. 10,000.00","9,500.00

 10,000.00","9,500.00

 10,000.00",80
"Tirzee Injection 10mg/0.5ml (1 Box = 1prefilled Pen)

Rs. 9,500.00

Rs. 10,000.00","9,500.00

 10,000.00","9,500.00

 10,000.00",81
"Tirzee Injection 10mg/0.5ml (1 Box = 1prefilled Pen)

Rs. 9,500.00

Rs. 10,000.00","9,500.00

 10,000.00","9,500.00

 10,000.00",81
"Hyseke Hair Solution 60ml

Rs. 438.91

Rs. 462.01","438.91

 462.01","438.91

 462.01",81
"Fibre One Cereals

Rs. 35.63

Rs. 37.50","35.63

 37.50","35.63

 37.50",81
"Rocip Eye Drops 5ml

Rs. 45.45

Rs. 47.84","45.45

 47.84","45.45

 47.84",81
"Tagipmet Xr Tablets 50mg/1000mg (1 Box = 2 Strips) (1 Strips = 10 Tablets)

Rs. 408.50

Rs. 430.00","408.50

 430.00","408.50

 430.00",81
"Multibionta Injection 10ml (1 Box = 5 Ampoules)

Rs. 122.55

Rs. 129.00","122.55

 129.00","122.55

 129.00",81
"Gravibinan Im Injection 5mg/2ml (1 Box = 1 Injection)

Rs. 15.97

Rs. 16.81","15.97

 16.81","15.97

 16.81",81
"Dicloran Topical Gel 30g

Rs. 242.25

Rs. 255.00","242.25

 255.00","242.25

 255.00",81
"Tagipmet Xr Tablets 50mg/1000mg (1 Box = 2 Strips) (1 Strips = 10 Tablets)

Rs. 408.50

Rs. 430.00","408.50

 430.00","408.50

 430.00",81
"Multibionta Injection 10ml (1 Box = 5 Ampoules)

Rs. 122.55

Rs. 129.00","122.55

 129.00","122.55

 129.00",81
"Avorek Tablets 50mg (1 Strip = 10 Tablets)

Rs. 109.70

Rs. 115.50","109.70

 115.50","109.70

 115.50",81
"Levemir Flexpen Prefilled Pen 100iu/Ml (1 Box = 5 Prefilled Pen)

Rs. 8,517.45

Rs. 8,965.75","8,517.45

 8,965.75","8,517.45

 8,965.75",81
"Fibre One Cereals

Rs. 35.63

Rs. 37.50","35.63

 37.50","35.63

 37.50",81
"Avorek Tablets 50mg (1 Strip = 10 Tablets)

Rs. 109.70

Rs. 115.50","109.70

 115.50","109.70

 115.50",81
"Flucon 35ml Suspension 50mg

Rs. 334.42

Rs. 352.02","334.42

 352.02","334.42

 352.02",81
"Levemir Flexpen Prefilled Pen 100iu/Ml (1 Box = 5 Prefilled Pen)

Rs. 8,517.45

Rs. 8,965.75","8,517.45

 8,965.75","8,517.45

 8,965.75",81
"Flucon 35ml Suspension 50mg

Rs. 334.42

Rs. 352.02","334.42

 352.02","334.42

 352.02",81
"Atcomid Tablets 100mg (1 Box = 1 Strip)(1 Strip = 14 Tablets)

Rs. 665.00

Rs. 700.00","665.00

 700.00","665.00

 700.00",82
"Healthaid Iro Active Capsules (1 Box = 30 Capsules)

Rs. 1,900.00

Rs. 2,000.00","1,900.00

 2,000.00","1,900.00

 2,000.00",82
"Cefspan Capsules 400mg (1 Bottle = 5 Capsules)

Rs. 75.20

Rs. 79.17","75.20

 79.17","75.20

 79.17",82
"Progeffik Softgel Capsules 200mg (1 Box = 1 Strip)(1 Strip = 15 Capsules)

Rs. 1,956.30

Rs. 2,059.24","1,956.30

 2,059.24","1,956.30

 2,059.24",82
"Vilanto-U Dpi Capsules 62.5mcg+25mcg (1 Box = 3 Strips) (1 Strip = 10 Capsules)

Rs. 348.30

Rs. 366.67","348.30

 366.67","348.30

 366.67",82
"Dicloran Topical Gel 30g

Rs. 242.25

Rs. 255.00","242.25

 255.00","242.25

 255.00",82
"Tracnesan Cream 0.05% 10g

Rs. 235.13

Rs. 247.51","235.13

 247.51","235.13

 247.51",82
"Xarelto Tablets 20mg (1 Box = 14 Tablets)

Rs. 4,867.94

Rs. 5,124.13","4,867.94

 5,124.13","4,867.94

 5,124.13",82
"Multibionta Injection 10ml (1 Box = 5 Ampoules)

Rs. 122.55

Rs. 129.00","122.55

 129.00","122.55

 129.00",82
"Dermive Urea Lotion 100ml

Rs. 1,004.15

Rs. 1,057.00","1,004.15

 1,057.00","1,004.15

 1,057.00",82
"Gynosporin Vaginal Cream 35g

Rs. 163.55

Rs. 172.16","163.55

 172.16","163.55

 172.16",82
"Xarelto Tablets 20mg (1 Box = 14 Tablets)

Rs. 4,867.94

Rs. 5,124.13","4,867.94

 5,124.13","4,867.94

 5,124.13",82
"Avorek Tablets 50mg (1 Strip = 10 Tablets)

Rs. 109.70

Rs. 115.50","109.70

 115.50","109.70

 115.50",82
"Sedil Tablets 10mg (1 Box = 3 Strips) (1 Strip = 10 Tablets)

Rs. 288.90

Rs. 304.26","288.90

 304.26","288.90

 304.26",82
"Rosemary Oil 10ml

Rs. 921.50

Rs. 970.00","921.50

 970.00","921.50

 970.00",82
"Flutiaze Nasal Spray 137mcg + 50mcg

Rs. 788.50

Rs. 830.00","788.50

 830.00","788.50

 830.00",82
"Sedil Tablets 10mg (1 Box = 3 Strips) (1 Strip = 10 Tablets)

Rs. 288.90

Rs. 304.26","288.90

 304.26","288.90

 304.26",82
"Genticyn Eye/Ear Drops 7.5ml

Rs. 46.29

Rs. 48.73","46.29

 48.73","46.29

 48.73",83
"Gvia-M Tablets 50mg/500mg (1 Strip = 7 Tablets)

Rs. 252.70

Rs. 266.00","252.70

 266.00","252.70

 266.00",83
"Ossobon-D Suspension 120ml

Rs. 475.00

Rs. 500.00","475.00

 500.00","475.00

 500.00",83
"Dermive Urea Lotion 100ml

Rs. 1,004.15

Rs. 1,057.00","1,004.15

 1,057.00","1,004.15

 1,057.00",83
"Dicloran Topical Gel 30g

Rs. 242.25

Rs. 255.00","242.25

 255.00","242.25

 255.00",83
"Genticyn Eye/Ear Drops 7.5ml

Rs. 46.29

Rs. 48.73","46.29

 48.73","46.29

 48.73",83
"Melas Cream 15g

Rs. 341.05

Rs. 359.00","341.05

 359.00","341.05

 359.00",83
"Diampa-L Xr Tablets 12/2.5/1000mg (1 Box = 14 Tablets)

Rs. 346.78

Rs. 365.00","346.78

 365.00","346.78

 365.00",83
"Tirzee Injection 10mg/0.5ml (1 Box = 1prefilled Pen)

Rs. 9,500.00

Rs. 10,000.00","9,500.00

 10,000.00","9,500.00

 10,000.00",83
"Ondaset Tablets 8mg (1 Box = 10 Tablets)

Rs. 379.10

Rs. 399.00","379.10

 399.00","379.10

 399.00",83
"Fcm Iv Injection 500mg/10ml (1 Box = 1 Injection)

Rs. 2,327.50

Rs. 2,450.00","2,327.50

 2,450.00","2,327.50

 2,450.00",83
"Tenofo-B Tablets 300mg

Rs. 4,065.90

Rs. 4,280.00","4,065.90

 4,280.00","4,065.90

 4,280.00",83
"Combinol-D Syrup 120ml

Rs. 152.00

Rs. 160.00","152.00

 160.00","152.00

 160.00",83
"Multibionta Injection 10ml (1 Box = 5 Ampoules)

Rs. 122.55

Rs. 129.00","122.55

 129.00","122.55

 129.00",83
"Progeffik Softgel Capsules 200mg (1 Box = 1 Strip)(1 Strip = 15 Capsules)

Rs. 1,956.30

Rs. 2,059.24","1,956.30

 2,059.24","1,956.30

 2,059.24",83
"Wintax Iv/Im Injection 1000mg (1 Box = 1 Injection)

Rs. 258.40

Rs. 272.00","258.40

 272.00","258.40

 272.00",83
"Ondaset Tablets 8mg (1 Box = 10 Tablets)

Rs. 379.10

Rs. 399.00","379.10

 399.00","379.10

 399.00",84
"Sinemet Extra Tablets 25/100mg (1 Box = 3 Strips) (1 Strip = 10 Tablets)

Rs. 479.10

Rs. 504.34","479.10

 504.34","479.10

 504.34",84
"Photonic Anti-Dandruf Shampoo 120ml

Rs. 980.69

Rs. 1,032.30","980.69

 1,032.30","980.69

 1,032.30",84
"Melas Cream 15g

Rs. 341.05

Rs. 359.00","341.05

 359.00","341.05

 359.00",84
"Tirzee Injection 10mg/0.5ml (1 Box = 1prefilled Pen)

Rs. 9,500.00

Rs. 10,000.00","9,500.00

 10,000.00","9,500.00

 10,000.00",84
"Cefspan Capsules 400mg (1 Bottle = 5 Capsules)

Rs. 75.20

Rs. 79.17","75.20

 79.17","75.20

 79.17",84
"Healthaid Iro Active Capsules (1 Box = 30 Capsules)

Rs. 1,900.00

Rs. 2,000.00","1,900.00

 2,000.00","1,900.00

 2,000.00",84
"Flucon 35ml Suspension 50mg

Rs. 334.42

Rs. 352.02","334.42

 352.02","334.42

 352.02",84
"Tracnesan Cream 0.05% 10g

Rs. 235.13

Rs. 247.51","235.13

 247.51","235.13

 247.51",84
"Rocip Eye Drops 5ml

Rs. 45.45

Rs. 47.84","45.45

 47.84","45.45

 47.84",84
"Genticyn Eye/Ear Drops 7.5ml

Rs. 46.29

Rs. 48.73","46.29

 48.73","46.29

 48.73",84
"Brivace Tablets 50mg (1 Box = 2 Strips) (1 Strip = 7 Tablets)

Rs. 1,309.14

Rs. 1,378.00","1,309.14

 1,378.00","1,309.14

 1,378.00",84
"Nassa Tablets 15mg (1 Strip = 10 Tablets)

Rs. 323.00

Rs. 340.00","323.00

 340.00","323.00

 340.00",84
"Flucon 35ml Suspension 50mg

Rs. 334.42

Rs. 352.02","334.42

 352.02","334.42

 352.02",84
"Vilanto-U Dpi Capsules 62.5mcg+25mcg (1 Box = 3 Strips) (1 Strip = 10 Capsules)

Rs. 348.30

Rs. 366.67","348.30

 366.67","348.30

 366.67",84
"Atcomid Tablets 100mg (1 Box = 1 Strip)(1 Strip = 14 Tablets)

Rs. 665.00

Rs. 700.00","665.00

 700.00","665.00

 700.00",84
"Fdl Ringer Infusion 500ml

Rs. 287.79

Rs. 302.94","287.79

 302.94","287.79

 302.94",84
"Genticyn Eye/Ear Drops 7.5ml

Rs. 46.29

Rs. 48.73","46.29

 48.73","46.29

 48.73",84
"Rupataget Tablets 10mg (1 Box = 2 Strips) (1 Strip = 7 Tablets)

Rs. 166.25

Rs. 175.00","166.25

 175.00","166.25

 175.00",85
"Flucon 35ml Suspension 50mg

Rs. 334.42

Rs. 352.02","334.42

 352.02","334.42

 352.02",85
"Vilanto-U Dpi Capsules 62.5mcg+25mcg (1 Box = 3 Strips) (1 Strip = 10 Capsules)

Rs. 348.30

Rs. 366.67","348.30

 366.67","348.30

 366.67",85
"Cefspan Capsules 400mg (1 Bottle = 5 Capsules)

Rs. 693.50

Rs. 730.00","693.50

 730.00","693.50

 730.00",85
"Empagen Trio Tablets 12.5mg/2.5mg/1000mg (1 Box = 2 Strips) (1 Strip = 7 Tablets)

Rs. 133.00

Rs. 140.00","133.00

 140.00","133.00

 140.00",85
"Drate Plus D Tablets 70mg/70mcg (1 Box = 1 Strip)(1 Strip = 4 Tablets)

Rs. 936.84

Rs. 986.14","936.84

 986.14","936.84

 986.14",85
"Gvia-M Tablets 50mg/500mg (1 Strip = 7 Tablets)

Rs. 252.70

Rs. 266.00","252.70

 266.00","252.70

 266.00",85
"Wintax Iv/Im Injection 1000mg (1 Box = 1 Injection)

Rs. 258.40

Rs. 272.00","258.40

 272.00","258.40

 272.00",85
"Vilanto-U Dpi Capsules 62.5mcg+25mcg (1 Box = 3 Strips) (1 Strip = 10 Capsules)

Rs. 348.30

Rs. 366.67","348.30

 366.67","348.30

 366.67",85
"Flucon 35ml Suspension 50mg

Rs. 334.42

Rs. 352.02","334.42

 352.02","334.42

 352.02",85
"Genticyn Eye/Ear Drops 7.5ml

Rs. 46.29

Rs. 48.73","46.29

 48.73","46.29

 48.73",85
"Cefspan Capsules 400mg (1 Bottle = 5 Capsules)

Rs. 693.50

Rs. 730.00","693.50

 730.00","693.50

 730.00",85
"Gvia-M Tablets 50mg/500mg (1 Strip = 7 Tablets)

Rs. 252.70

Rs. 266.00","252.70

 266.00","252.70

 266.00",85
"Alphagan Eye Drops 0.2% 5ml

Rs. 807.50

Rs. 850.00","807.50

 850.00","807.50

 850.00",85
"Flucon 35ml Suspension 50mg

Rs. 334.42

Rs. 352.02","334.42

 352.02","334.42

 352.02",85
"Dicloran Topical Gel 30g

Rs. 242.25

Rs. 255.00","242.25

 255.00","242.25

 255.00",85
"Vilanto-U Dpi Capsules 62.5mcg+25mcg (1 Box = 3 Strips) (1 Strip = 10 Capsules)

Rs. 348.30

Rs. 366.67","348.30

 366.67","348.30

 366.67",85
"Cefspan Capsules 400mg (1 Bottle = 5 Capsules)

Rs. 693.50

Rs. 730.00","693.50

 730.00","693.50

 730.00",85
"Mirabet Tablets 50mg (1 Box = 2 Strips) (1 Strip = 10 Tablets)

Rs. 2,102.20

Rs. 2,212.74","2,102.20

 2,212.74","2,102.20

 2,212.74",86
"Cefspan Capsules 400mg (1 Bottle = 5 Capsules)

Rs. 75.20

Rs. 79.17","75.20

 79.17","75.20

 79.17",86
"Fdl Ringer Infusion 500ml

Rs. 287.79

Rs. 302.94","287.79

 302.94","287.79

 302.94",86
"Vilanto-U Dpi Capsules 62.5mcg+25mcg (1 Box = 3 Strips) (1 Strip = 10 Capsules)

Rs. 348.30

Rs. 366.67","348.30

 366.67","348.30

 366.67",86
"Tirzee Injection 10mg/0.5ml (1 Box = 1prefilled Pen)

Rs. 9,500.00

Rs. 10,000.00","9,500.00

 10,000.00","9,500.00

 10,000.00",86
"Myteka Tablets 10mg (1 Strip = 7 Tablets)

Rs. 263.62

Rs. 277.50","263.62

 277.50","263.62

 277.50",86
"Andrex Softgel Capsules 40mg (1 Strip = 10 Capsules)

Rs. 345.20

Rs. 363.33","345.20

 363.33","345.20

 363.33",86
"Cefspan Capsules 400mg (1 Bottle = 5 Capsules)

Rs. 693.50

Rs. 730.00","693.50

 730.00","693.50

 730.00",86
"Ondaset Tablets 8mg (1 Box = 10 Tablets)

Rs. 379.10

Rs. 399.00","379.10

 399.00","379.10

 399.00",86
"Dicloran Topical Gel 30g

Rs. 242.25

Rs. 255.00","242.25

 255.00","242.25

 255.00",86
"Progeffik Softgel Capsules 200mg (1 Box = 1 Strip)(1 Strip = 15 Capsules)

Rs. 1,956.30

Rs. 2,059.24","1,956.30

 2,059.24","1,956.30

 2,059.24",86
"Combinol-D Syrup 120ml

Rs. 152.00

Rs. 160.00","152.00

 160.00","152.00

 160.00",86
"Cefspan Capsules 400mg (1 Bottle = 5 Capsules)

Rs. 693.50

Rs. 730.00","693.50

 730.00","693.50

 730.00",86
"Mirabet Tablets 50mg (1 Box = 2 Strips) (1 Strip = 10 Tablets)

Rs. 2,102.20

Rs. 2,212.74","2,102.20

 2,212.74","2,102.20

 2,212.74",86
"Ondaset Tablets 8mg (1 Box = 10 Tablets)

Rs. 379.10

Rs. 399.00","379.10

 399.00","379.10

 399.00",86
"Progeffik Softgel Capsules 200mg (1 Box = 1 Strip)(1 Strip = 15 Capsules)

Rs. 1,956.30

Rs. 2,059.24","1,956.30

 2,059.24","1,956.30

 2,059.24",86
"Progeffik Softgel Capsules 200mg (1 Box = 1 Strip)(1 Strip = 15 Capsules)

Rs. 1,956.30

Rs. 2,059.24","1,956.30

 2,059.24","1,956.30

 2,059.24",86
"Dicloran Topical Gel 30g

Rs. 242.25

Rs. 255.00","242.25

 255.00","242.25

 255.00",86
"Artheget-Ez Tablets 80mg+480mg (1 Box = 2 Strips) (1 Strip = 3 Tablets)

Rs. 585.18

Rs. 616.00","585.18

 616.00","585.18

 616.00",87
"Tracnesan Cream 0.05% 10g

Rs. 235.13

Rs. 247.51","235.13

 247.51","235.13

 247.51",87
"Calamox Duo 70ml Suspension 400mg/57ml

Rs. 316.64

Rs. 333.31","316.64

 333.31","316.64

 333.31",87
"Dicloran Topical Gel 30g

Rs. 242.25

Rs. 255.00","242.25

 255.00","242.25

 255.00",87
"Progeffik Softgel Capsules 200mg (1 Box = 1 Strip)(1 Strip = 15 Capsules)

Rs. 1,956.30

Rs. 2,059.24","1,956.30

 2,059.24","1,956.30

 2,059.24",87
"Paraxyl Cr Tablets 37.5mg (1 Box = 1 Strip) (1 Strip = 10 Tablets)

Rs. 644.90

Rs. 678.84","644.90

 678.84","644.90

 678.84",87
"Artheget-Ez Tablets 80mg+480mg (1 Box = 2 Strips) (1 Strip = 3 Tablets)

Rs. 585.18

Rs. 616.00","585.18

 616.00","585.18

 616.00",87
"Ondaset Tablets 8mg (1 Box = 10 Tablets)

Rs. 379.10

Rs. 399.00","379.10

 399.00","379.10

 399.00",87
"Progeffik Softgel Capsules 200mg (1 Box = 1 Strip)(1 Strip = 15 Capsules)

Rs. 1,956.30

Rs. 2,059.24","1,956.30

 2,059.24","1,956.30

 2,059.24",87
"Paraxyl Cr Tablets 37.5mg (1 Box = 1 Strip) (1 Strip = 10 Tablets)

Rs. 644.90

Rs. 678.84","644.90

 678.84","644.90

 678.84",87
"Progeffik Softgel Capsules 200mg (1 Box = 1 Strip)(1 Strip = 15 Capsules)

Rs. 1,956.30

Rs. 2,059.24","1,956.30

 2,059.24","1,956.30

 2,059.24",87
"Iroxide-F Tablets 100mg + 0.35mg (1 Box = 3 Strips) (1 Strip = 10 Tablets)

Rs. 107.70

Rs. 113.33","107.70

 113.33","107.70

 113.33",87
"Calamox Duo 70ml Suspension 400mg/57ml

Rs. 316.64

Rs. 333.31","316.64

 333.31","316.64

 333.31",87
"Moxtu Tablets 7.5mg (1 Box = 3 Strips) (1 Strip = 10 Tablets)

Rs. 116.50

Rs. 122.67","116.50

 122.67","116.50

 122.67",87
"Sedil Tablets 10mg (1 Box = 3 Strips) (1 Strip = 10 Tablets)

Rs. 288.90

Rs. 304.26","288.90

 304.26","288.90

 304.26",87
"Paraxyl Cr Tablets 37.5mg (1 Box = 1 Strip) (1 Strip = 10 Tablets)

Rs. 644.90

Rs. 678.84","644.90

 678.84","644.90

 678.84",88
"Sinemet Tablets 25mg/250mg (1 Strip = 10 Tablets)

Rs. 269.30

Rs. 283.52","269.30

 283.52","269.30

 283.52",88
"Empagen Trio Tablets 12.5mg/2.5mg/1000mg (1 Box = 2 Strips) (1 Strip = 7 Tablets)

Rs. 133.00

Rs. 140.00","133.00

 140.00","133.00

 140.00",88
"Sedil Tablets 10mg (1 Box = 3 Strips) (1 Strip = 10 Tablets)

Rs. 288.90

Rs. 304.26","288.90

 304.26","288.90

 304.26",88
"Calamox Duo 70ml Suspension 400mg/57ml

Rs. 316.64

Rs. 333.31","316.64

 333.31","316.64

 333.31",88
"Artheget-Ez Tablets 80mg+480mg (1 Box = 2 Strips) (1 Strip = 3 Tablets)

Rs. 585.18

Rs. 616.00","585.18

 616.00","585.18

 616.00",88
"Paraxyl Cr Tablets 37.5mg (1 Box = 1 Strip) (1 Strip = 10 Tablets)

Rs. 644.90

Rs. 678.84","644.90

 678.84","644.90

 678.84",88
"Paraxyl Cr Tablets 37.5mg (1 Box = 1 Strip) (1 Strip = 10 Tablets)

Rs. 644.90

Rs. 678.84","644.90

 678.84","644.90

 678.84",88
"Calamox Duo 70ml Suspension 400mg/57ml

Rs. 316.64

Rs. 333.31","316.64

 333.31","316.64

 333.31",88
"Persch 30ml Syrup 1mg/Ml

Rs. 503.50

Rs. 530.00","503.50

 530.00","503.50

 530.00",88
"Sedil Tablets 10mg (1 Box = 3 Strips) (1 Strip = 10 Tablets)

Rs. 288.90

Rs. 304.26","288.90

 304.26","288.90

 304.26",88
"Aprovel Tablets 150mg (1 Strip = 14 Tablets)

Rs. 270.48

Rs. 284.76","270.48

 284.76","270.48

 284.76",88
"Rosemary Oil 10ml

Rs. 921.50

Rs. 970.00","921.50

 970.00","921.50

 970.00",88
"Tracnesan Cream 0.05% 10g

Rs. 235.13

Rs. 247.51","235.13

 247.51","235.13

 247.51",89
"Genticyn Eye/Ear Drops 7.5ml

Rs. 46.29

Rs. 48.73","46.29

 48.73","46.29

 48.73",89
"Kleen Enema Rectal Liquid 135ml

Rs. 237.50

Rs. 250.00","237.50

 250.00","237.50

 250.00",89
"Sem-O Tablets 3mg (1 Box = 2 Strips) (1 Strip = 7 Tablets)

Rs. 1,163.75

Rs. 1,225.00","1,163.75

 1,225.00","1,163.75

 1,225.00",89
"Rosemary Oil 10ml

Rs. 921.50

Rs. 970.00","921.50

 970.00","921.50

 970.00",89
"Funge Tablets 250mg (1 Box = 2 Strips) (1 Strip = 5 Tablets)

Rs. 760.00

Rs. 800.00","760.00

 800.00","760.00

 800.00",89
"Sedil Tablets 10mg (1 Box = 3 Strips) (1 Strip = 10 Tablets)

Rs. 288.90

Rs. 304.26","288.90

 304.26","288.90

 304.26",89
"Multical-1000 Sachets (1 Box = 10 Sachets)

Rs. 23.75

Rs. 25.00","23.75

 25.00","23.75

 25.00",89
"Rocip Eye Drops 5ml

Rs. 45.45

Rs. 47.84","45.45

 47.84","45.45

 47.84",89
"Tirzee Injection 10mg/0.5ml (1 Box = 1prefilled Pen)

Rs. 9,500.00

Rs. 10,000.00","9,500.00

 10,000.00","9,500.00

 10,000.00",89
"Aprovel Tablets 150mg (1 Strip = 14 Tablets)

Rs. 270.48

Rs. 284.76","270.48

 284.76","270.48

 284.76",89
"Persch 30ml Syrup 1mg/Ml

Rs. 503.50

Rs. 530.00","503.50

 530.00","503.50

 530.00",89
"Tirzee Injection 10mg/0.5ml (1 Box = 1prefilled Pen)

Rs. 9,500.00

Rs. 10,000.00","9,500.00

 10,000.00","9,500.00

 10,000.00",89
"Risperiget Tablets 1mg (1 Strip = 10 Tablets)

Rs. 164.40

Rs. 173.00","164.40

 173.00","164.40

 173.00",89
"Foxamine Tablets 550mg (1 Box = 1 Strip)(1 Strip = 10 Tablets)

Rs. 1,097.70

Rs. 1,155.45","1,097.70

 1,155.45","1,097.70

 1,155.45",89
"Tirzee Injection 10mg/0.5ml (1 Box = 1prefilled Pen)

Rs. 9,500.00

Rs. 10,000.00","9,500.00

 10,000.00","9,500.00

 10,000.00",90
"Aprovel Tablets 150mg (1 Strip = 14 Tablets)

Rs. 270.48

Rs. 284.76","270.48

 284.76","270.48

 284.76",90
"Montika Tablets 10mg (1 Box = 2 Strips) (1 Strip = 7 Tablets)

Rs. 484.54

Rs. 510.00","484.54

 510.00","484.54

 510.00",90
"Tracnesan Cream 0.05% 10g

Rs. 235.13

Rs. 247.51","235.13

 247.51","235.13

 247.51",90
"Rocip Eye Drops 5ml

Rs. 45.45

Rs. 47.84","45.45

 47.84","45.45

 47.84",90
"Genticyn Eye/Ear Drops 7.5ml

Rs. 46.29

Rs. 48.73","46.29

 48.73","46.29

 48.73",90
"Kleen Enema Rectal Liquid 135ml

Rs. 237.50

Rs. 250.00","237.50

 250.00","237.50

 250.00",90
"Fibre One Cereals

Rs. 35.63

Rs. 37.50","35.63

 37.50","35.63

 37.50",90
"Covam Plus Tablets 10mg+160mg+25mg (1 Box = 4 Strips) (1 Strip = 7 Tablets)

Rs. 584.36

Rs. 615.00","584.36

 615.00","584.36

 615.00",90
"Cefspan Capsules 400mg (1 Bottle = 5 Capsules)

Rs. 693.50

Rs. 730.00","693.50

 730.00","693.50

 730.00",90
"Rocip Eye Drops 5ml

Rs. 45.45

Rs. 47.84","45.45

 47.84","45.45

 47.84",90
"Hytrin Tablets 5mg (1 Strip = 10 Tablets)

Rs. 845.70

Rs. 890.22","845.70

 890.22","845.70

 890.22",90
"Kleen Enema Rectal Liquid 135ml

Rs. 237.50

Rs. 250.00","237.50

 250.00","237.50

 250.00",90
"Preloft Tablets 50mg (1 Strip = 15 Tablets)

Rs. 467.85

Rs. 492.50","467.85

 492.50","467.85

 492.50",90
"Flucon 35ml Suspension 50mg

Rs. 334.42

Rs. 352.02","334.42

 352.02","334.42

 352.02",90
"Kleen Enema Rectal Liquid 135ml

Rs. 237.50

Rs. 250.00","237.50

 250.00","237.50

 250.00",90
"Rocip Eye Drops 5ml

Rs. 45.45

Rs. 47.84","45.45

 47.84","45.45

 47.84",90
"Healthaid Iro Active Capsules (1 Box = 30 Capsules)

Rs. 1,900.00

Rs. 2,000.00","1,900.00

 2,000.00","1,900.00

 2,000.00",91
"Synalar-C Cream 5g

Rs. 142.50

Rs. 150.00","142.50

 150.00","142.50

 150.00",91
"Drate Plus D Tablets 70mg/70mcg (1 Box = 1 Strip)(1 Strip = 4 Tablets)

Rs. 936.84

Rs. 986.14","936.84

 986.14","936.84

 986.14",91
"Moxtu Tablets 7.5mg (1 Box = 3 Strips) (1 Strip = 10 Tablets)

Rs. 116.50

Rs. 122.67","116.50

 122.67","116.50

 122.67",91
"Vilanto-U Dpi Capsules 62.5mcg+25mcg (1 Box = 3 Strips) (1 Strip = 10 Capsules)

Rs. 348.30

Rs. 366.67","348.30

 366.67","348.30

 366.67",91
"Zentro Tablets 40mg (1 Box = 1 Strip)(1 Strip = 14 Tablets)

Rs. 427.56

Rs. 450.00","427.56

 450.00","427.56

 450.00",91
"Ivermite Tablets 6mg (1 Box = 1 Strip)(1 Strip = 10 Tablets)

Rs. 428.50

Rs. 451.00","428.50

 451.00","428.50

 451.00",91
"Flucon 35ml Suspension 50mg

Rs. 334.42

Rs. 352.02","334.42

 352.02","334.42

 352.02",91
"Gvia-M Tablets 50mg/1000mg (1 Strip = 7 Tablets)

Rs. 259.35

Rs. 273.00","259.35

 273.00","259.35

 273.00",91
"Supercran Sachets 7mg (1 Box = 10 Sachets)

Rs. 47.50

Rs. 50.00","47.50

 50.00","47.50

 50.00",91
"Progeffik Softgel Capsules 200mg (1 Box = 1 Strip)(1 Strip = 15 Capsules)

Rs. 1,956.30

Rs. 2,059.24","1,956.30

 2,059.24","1,956.30

 2,059.24",91
"Iroxide-F Tablets 100mg + 0.35mg (1 Box = 3 Strips) (1 Strip = 10 Tablets)

Rs. 107.70

Rs. 113.33","107.70

 113.33","107.70

 113.33",91
"Bismol Suspension 120ml

Rs. 142.50

Rs. 150.00","142.50

 150.00","142.50

 150.00",91
"Mirabet Tablets 50mg (1 Box = 2 Strips) (1 Strip = 10 Tablets)

Rs. 2,102.20

Rs. 2,212.74","2,102.20

 2,212.74","2,102.20

 2,212.74",91
"Cefspan Capsules 400mg (1 Bottle = 5 Capsules)

Rs. 693.50

Rs. 730.00","693.50

 730.00","693.50

 730.00",91
"Progeffik Softgel Capsules 200mg (1 Box = 1 Strip)(1 Strip = 15 Capsules)

Rs. 1,956.30

Rs. 2,059.24","1,956.30

 2,059.24","1,956.30

 2,059.24",91
"Sedil Tablets 10mg (1 Box = 3 Strips) (1 Strip = 10 Tablets)

Rs. 288.90

Rs. 304.26","288.90

 304.26","288.90

 304.26",91
"Fdl Ringer Infusion 500ml

Rs. 287.79

Rs. 302.94","287.79

 302.94","287.79

 302.94",92
"Ivermite Tablets 6mg (1 Box = 1 Strip)(1 Strip = 10 Tablets)

Rs. 428.50

Rs. 451.00","428.50

 451.00","428.50

 451.00",92
"Rosemary Oil 10ml

Rs. 921.50

Rs. 970.00","921.50

 970.00","921.50

 970.00",92
"Ondaset Tablets 8mg (1 Box = 10 Tablets)

Rs. 379.10

Rs. 399.00","379.10

 399.00","379.10

 399.00",92
"Tamsolin-S Tablets 0.4mg+6 Mg (1 Strip = 10 Tablets)

Rs. 1,367.10

Rs. 1,439.00","1,367.10

 1,439.00","1,367.10

 1,439.00",92
"Dicloran Topical Gel 30g

Rs. 242.25

Rs. 255.00","242.25

 255.00","242.25

 255.00",92
"Iroxide-F Tablets 100mg + 0.35mg (1 Box = 3 Strips) (1 Strip = 10 Tablets)

Rs. 107.70

Rs. 113.33","107.70

 113.33","107.70

 113.33",92
"Tracnesan Cream 0.05% 10g

Rs. 235.13

Rs. 247.51","235.13

 247.51","235.13

 247.51",92
"Tamsolin-S Tablets 0.4mg+6 Mg (1 Strip = 10 Tablets)

Rs. 1,367.10

Rs. 1,439.00","1,367.10

 1,439.00","1,367.10

 1,439.00",92
"Cefspan Capsules 400mg (1 Bottle = 5 Capsules)

Rs. 693.50

Rs. 730.00","693.50

 730.00","693.50

 730.00",92
"Ondaset Tablets 8mg (1 Box = 10 Tablets)

Rs. 379.10

Rs. 399.00","379.10

 399.00","379.10

 399.00",92
"Progeffik Softgel Capsules 200mg (1 Box = 1 Strip)(1 Strip = 15 Capsules)

Rs. 1,956.30

Rs. 2,059.24","1,956.30

 2,059.24","1,956.30

 2,059.24",92
"Erli Plus Capsules 5/500mg (1 Box = 2 Strips) (1 Strip = 7 Capsules)

Rs. 161.49

Rs. 170.00","161.49

 170.00","161.49

 170.00",92
"Cefspan Capsules 400mg (1 Bottle = 5 Capsules)

Rs. 693.50

Rs. 730.00","693.50

 730.00","693.50

 730.00",92
"Alphagan Eye Drops 0.2% 5ml

Rs. 807.50

Rs. 850.00","807.50

 850.00","807.50

 850.00",92
"Tamsolin-S Tablets 0.4mg+6 Mg (1 Strip = 10 Tablets)

Rs. 1,367.10

Rs. 1,439.00","1,367.10

 1,439.00","1,367.10

 1,439.00",92
"Iroxide-F Tablets 100mg + 0.35mg (1 Box = 3 Strips) (1 Strip = 10 Tablets)

Rs. 107.70

Rs. 113.33","107.70

 113.33","107.70

 113.33",93
"Plarvy Cough Syrup 120ml

Rs. 370.50

Rs. 390.00","370.50

 390.00","370.50

 390.00",93
"Rocip Eye Drops 5ml

Rs. 45.45

Rs. 47.84","45.45

 47.84","45.45

 47.84",93
"Tagipmet Xr Tablets 50mg/1000mg (1 Box = 2 Strips) (1 Strips = 10 Tablets)

Rs. 408.50

Rs. 430.00","408.50

 430.00","408.50

 430.00",93
"Nassa Tablets 15mg (1 Strip = 10 Tablets)

Rs. 323.00

Rs. 340.00","323.00

 340.00","323.00

 340.00",93
"Kestine Tablets 20mg (1 Box = 2 Strips) (1 Strip = 7 Tablets)

Rs. 32.26

Rs. 33.96","32.26

 33.96","32.26

 33.96",93
"Rocip Eye Drops 5ml

Rs. 45.45

Rs. 47.84","45.45

 47.84","45.45

 47.84",93
"Mirabet Tablets 50mg (1 Box = 2 Strips) (1 Strip = 10 Tablets)

Rs. 2,102.20

Rs. 2,212.74","2,102.20

 2,212.74","2,102.20

 2,212.74",93
"Erli Plus Capsules 5/500mg (1 Box = 2 Strips) (1 Strip = 7 Capsules)

Rs. 161.49

Rs. 170.00","161.49

 170.00","161.49

 170.00",93
"Drate Plus D Tablets 70mg/70mcg (1 Box = 1 Strip)(1 Strip = 4 Tablets)

Rs. 936.84

Rs. 986.14","936.84

 986.14","936.84

 986.14",93
"Rocip Eye Drops 5ml

Rs. 45.45

Rs. 47.84","45.45

 47.84","45.45

 47.84",93
"Foxamine Tablets 550mg (1 Box = 1 Strip)(1 Strip = 10 Tablets)

Rs. 1,097.70

Rs. 1,155.45","1,097.70

 1,155.45","1,097.70

 1,155.45",93
"Calamox Duo 70ml Suspension 400mg/57ml

Rs. 316.64

Rs. 333.31","316.64

 333.31","316.64

 333.31",93
"Covam Plus Tablets 10mg+160mg+25mg (1 Box = 4 Strips) (1 Strip = 7 Tablets)

Rs. 584.36

Rs. 615.00","584.36

 615.00","584.36

 615.00",93
"Mirabet Tablets 50mg (1 Box = 2 Strips) (1 Strip = 10 Tablets)

Rs. 2,102.20

Rs. 2,212.74","2,102.20

 2,212.74","2,102.20

 2,212.74",93
"Foxamine Tablets 550mg (1 Box = 1 Strip)(1 Strip = 10 Tablets)

Rs. 1,097.70

Rs. 1,155.45","1,097.70

 1,155.45","1,097.70

 1,155.45",93
"Nassa Tablets 15mg (1 Strip = 10 Tablets)

Rs. 323.00

Rs. 340.00","323.00

 340.00","323.00

 340.00",93
"Mirabet Tablets 50mg (1 Box = 2 Strips) (1 Strip = 10 Tablets)

Rs. 2,102.20

Rs. 2,212.74","2,102.20

 2,212.74","2,102.20

 2,212.74",94
"Lepinza Tablets 5mg (1 Box = 1 Strip)(1 Strip = 10 Tablets)

Rs. 171.00

Rs. 180.00","171.00

 180.00","171.00

 180.00",94
"Lepinza Tablets 5mg (1 Box = 1 Strip)(1 Strip = 10 Tablets)

Rs. 171.00

Rs. 180.00","171.00

 180.00","171.00

 180.00",94
"Flucon 35ml Suspension 50mg

Rs. 334.42

Rs. 352.02","334.42

 352.02","334.42

 352.02",94
"Healthaid Osteovit-D Calcium Plus Tablets (1 Box = 30 Tablets)

Rs. 1,681.50

Rs. 1,770.00","1,681.50

 1,770.00","1,681.50

 1,770.00",94
"Lepinza Tablets 5mg (1 Box = 1 Strip)(1 Strip = 10 Tablets)

Rs. 171.00

Rs. 180.00","171.00

 180.00","171.00

 180.00",94
"Tamsolin-S Tablets 0.4mg+6 Mg (1 Strip = 10 Tablets)

Rs. 1,367.10

Rs. 1,439.00","1,367.10

 1,439.00","1,367.10

 1,439.00",94
"Lepinza Tablets 5mg (1 Box = 1 Strip)(1 Strip = 10 Tablets)

Rs. 171.00

Rs. 180.00","171.00

 180.00","171.00

 180.00",94
"Photonic Anti-Dandruf Shampoo 120ml

Rs. 980.69

Rs. 1,032.30","980.69

 1,032.30","980.69

 1,032.30",94
"Vilanto-U Dpi Capsules 62.5mcg+25mcg (1 Box = 3 Strips) (1 Strip = 10 Capsules)

Rs. 348.30

Rs. 366.67","348.30

 366.67","348.30

 366.67",94
"Tamsolin-S Tablets 0.4mg+6 Mg (1 Strip = 10 Tablets)

Rs. 1,367.10

Rs. 1,439.00","1,367.10

 1,439.00","1,367.10

 1,439.00",94
"Photonic Anti-Dandruf Shampoo 120ml

Rs. 980.69

Rs. 1,032.30","980.69

 1,032.30","980.69

 1,032.30",94
"Empaphage-M Tablets 12.5/1000mg (1 Strip = 7 Tablets)

Rs. 217.91

Rs. 229.41","217.91

 229.41","217.91

 229.41",94
"Artheget-Ez Tablets 80mg+480mg (1 Box = 2 Strips) (1 Strip = 3 Tablets)

Rs. 585.18

Rs. 616.00","585.18

 616.00","585.18

 616.00",94
"Sedil Tablets 10mg (1 Box = 3 Strips) (1 Strip = 10 Tablets)

Rs. 288.90

Rs. 304.26","288.90

 304.26","288.90

 304.26",94
"Tirzee Injection 10mg/0.5ml (1 Box = 1prefilled Pen)

Rs. 9,500.00

Rs. 10,000.00","9,500.00

 10,000.00","9,500.00

 10,000.00",94
"Genticyn Eye/Ear Drops 7.5ml

Rs. 46.29

Rs. 48.73","46.29

 48.73","46.29

 48.73",94
"Artheget-Ez Tablets 80mg+480mg (1 Box = 2 Strips) (1 Strip = 3 Tablets)

Rs. 585.18

Rs. 616.00","585.18

 616.00","585.18

 616.00",95
"Tirzee Injection 10mg/0.5ml (1 Box = 1prefilled Pen)

Rs. 9,500.00

Rs. 10,000.00","9,500.00

 10,000.00","9,500.00

 10,000.00",95
"Mirabet Tablets 50mg (1 Box = 2 Strips) (1 Strip = 10 Tablets)

Rs. 2,102.20

Rs. 2,212.74","2,102.20

 2,212.74","2,102.20

 2,212.74",95
"Am-Telsan Tablets 5mg/40mg (1 Box = 2 Strips) (1 Strip = 7 Tablets)

Rs. 491.12

Rs. 517.00","491.12

 517.00","491.12

 517.00",95
"Artheget-Ez Tablets 80mg+480mg (1 Box = 2 Strips) (1 Strip = 3 Tablets)

Rs. 585.18

Rs. 616.00","585.18

 616.00","585.18

 616.00",95
"Fdl Ringer Infusion 500ml

Rs. 287.79

Rs. 302.94","287.79

 302.94","287.79

 302.94",95
"Dicloran Topical Gel 30g

Rs. 242.25

Rs. 255.00","242.25

 255.00","242.25

 255.00",95
"Tracnesan Cream 0.05% 10g

Rs. 235.13

Rs. 247.51","235.13

 247.51","235.13

 247.51",95
"Zentro Tablets 40mg (1 Box = 1 Strip)(1 Strip = 14 Tablets)

Rs. 427.56

Rs. 450.00","427.56

 450.00","427.56

 450.00",95
"Cefspan Capsules 400mg (1 Bottle = 5 Capsules)

Rs. 693.50

Rs. 730.00","693.50

 730.00","693.50

 730.00",95
"Tracnesan Cream 0.05% 10g

Rs. 235.13

Rs. 247.51","235.13

 247.51","235.13

 247.51",95
"Am-Telsan Tablets 5mg/40mg (1 Box = 2 Strips) (1 Strip = 7 Tablets)

Rs. 491.12

Rs. 517.00","491.12

 517.00","491.12

 517.00",95
"Tracnesan Cream 0.05% 10g

Rs. 235.13

Rs. 247.51","235.13

 247.51","235.13

 247.51",95
"Plarvy Cough Syrup 120ml

Rs. 370.50

Rs. 390.00","370.50

 390.00","370.50

 390.00",95
"Am-Telsan Tablets 5mg/40mg (1 Box = 2 Strips) (1 Strip = 7 Tablets)

Rs. 491.12

Rs. 517.00","491.12

 517.00","491.12

 517.00",96
"Ondaset Tablets 8mg (1 Box = 10 Tablets)

Rs. 379.10

Rs. 399.00","379.10

 399.00","379.10

 399.00",96
"Progeffik Softgel Capsules 200mg (1 Box = 1 Strip)(1 Strip = 15 Capsules)

Rs. 1,956.30

Rs. 2,059.24","1,956.30

 2,059.24","1,956.30

 2,059.24",96
"Cefspan Capsules 400mg (1 Bottle = 5 Capsules)

Rs. 693.50

Rs. 730.00","693.50

 730.00","693.50

 730.00",96
"Tracnesan Cream 0.05% 10g

Rs. 980.69

Rs. 1,032.30","980.69

 1,032.30","980.69

 1,032.30",96
"Erli Plus Capsules 5/500mg (1 Box = 2 Strips) (1 Strip = 7 Capsules)

Rs. 161.49

Rs. 170.00","161.49

 170.00","161.49

 170.00",96
"Cefspan Capsules 400mg (1 Bottle = 5 Capsules)

Rs. 693.50

Rs. 730.00","693.50

 730.00","693.50

 730.00",96
"Rocip Eye Drops 5ml

Rs. 45.45

Rs. 47.84","45.45

 47.84","45.45

 47.84",96
"Tracnesan Cream 0.05% 10g

Rs. 980.69

Rs. 1,032.30","980.69

 1,032.30","980.69

 1,032.30",96
"Tracnesan Cream 0.05% 10g

Rs. 235.13

Rs. 247.51","235.13

 247.51","235.13

 247.51",96
"Rocip Eye Drops 5ml

Rs. 45.45

Rs. 47.84","45.45

 47.84","45.45

 47.84",96
"Cefspan Capsules 400mg (1 Bottle = 5 Capsules)

Rs. 693.50

Rs. 730.00","693.50

 730.00","693.50

 730.00",96
"Tracnesan Cream 0.05% 10g

Rs. 235.13

Rs. 247.51","235.13

 247.51","235.13

 247.51",96
"Tracnesan Cream 0.05% 10g

Rs. 235.13

Rs. 247.51","235.13

 247.51","235.13

 247.51",96
"Vilanto-U Dpi Capsules 62.5mcg+25mcg (1 Box = 3 Strips) (1 Strip = 10 Capsules)

Rs. 348.30

Rs. 366.67","348.30

 366.67","348.30

 366.67",96
"Tracnesan Cream 0.05% 10g

Rs. 235.13

Rs. 247.51","235.13

 247.51","235.13

 247.51",96
"Tracnesan Cream 0.05% 10g

Rs. 235.13

Rs. 247.51","235.13

 247.51","235.13

 247.51",96
"Sinemet Tablets 25mg/250mg (1 Strip = 10 Tablets)

Rs. 269.30

Rs. 283.52","269.30

 283.52","269.30

 283.52",96
"Kleen Enema Rectal Liquid 135ml

Rs. 237.50

Rs. 250.00","237.50

 250.00","237.50

 250.00",97
"Tamsolin-S Tablets 0.4mg+6 Mg (1 Strip = 10 Tablets)

Rs. 1,367.10

Rs. 1,439.00","1,367.10

 1,439.00","1,367.10

 1,439.00",97
"Calamox Duo 70ml Suspension 400mg/57ml

Rs. 316.64

Rs. 333.31","316.64

 333.31","316.64

 333.31",97
"Mirabet Tablets 50mg (1 Box = 2 Strips) (1 Strip = 10 Tablets)

Rs. 2,102.20

Rs. 2,212.74","2,102.20

 2,212.74","2,102.20

 2,212.74",97
"Tamsolin-S Tablets 0.4mg+6 Mg (1 Strip = 10 Tablets)

Rs. 1,367.10

Rs. 1,439.00","1,367.10

 1,439.00","1,367.10

 1,439.00",97
"Wintax Iv/Im Injection 1000mg (1 Box = 1 Injection)

Rs. 258.40

Rs. 272.00","258.40

 272.00","258.40

 272.00",97
"Tracnesan Cream 0.05% 10g

Rs. 235.13

Rs. 247.51","235.13

 247.51","235.13

 247.51",97
"Zentro Tablets 40mg (1 Box = 1 Strip)(1 Strip = 14 Tablets)

Rs. 427.56

Rs. 450.00","427.56

 450.00","427.56

 450.00",97
"Zentro Tablets 40mg (1 Box = 1 Strip)(1 Strip = 14 Tablets)

Rs. 427.56

Rs. 450.00","427.56

 450.00","427.56

 450.00",97
"Ondaset Tablets 8mg (1 Box = 10 Tablets)

Rs. 379.10

Rs. 399.00","379.10

 399.00","379.10

 399.00",97
"Am-Telsan Tablets 5mg/40mg (1 Box = 2 Strips) (1 Strip = 7 Tablets)

Rs. 491.12

Rs. 517.00","491.12

 517.00","491.12

 517.00",97
"Diampa-M Xr Tablets 5mg+1000mg (1 Strip = 7 Tablets)

Rs. 194.74

Rs. 205.00","194.74

 205.00","194.74

 205.00",97
"Ondaset Tablets 8mg (1 Box = 10 Tablets)

Rs. 379.10

Rs. 399.00","379.10

 399.00","379.10

 399.00",97
"Mirabet Tablets 50mg (1 Box = 2 Strips) (1 Strip = 10 Tablets)

Rs. 2,102.20

Rs. 2,212.74","2,102.20

 2,212.74","2,102.20

 2,212.74",97
"Calamox Duo 70ml Suspension 400mg/57ml

Rs. 316.64

Rs. 333.31","316.64

 333.31","316.64

 333.31",97
"Platrid Tablets 75mg (1 Box = 1 Strip)(1 Strip = 10 Tablets)

Rs. 204.30

Rs. 215.00","204.30

 215.00","204.30

 215.00",97
"Vilget-M Tablets 50mg + 500mg (1 Box = 4 Strips) (1 Strip = 7 Tablets)

Rs. 320.60

Rs. 337.50","320.60

 337.50","320.60

 337.50",97
"Tracnesan Cream 0.05% 10g

Rs. 235.13

Rs. 247.51","235.13

 247.51","235.13

 247.51",97
"Aprovel Tablets 150mg (1 Strip = 14 Tablets)

Rs. 270.48

Rs. 284.76","270.48

 284.76","270.48

 284.76",98
"Vilget-M Tablets 50mg + 500mg (1 Box = 4 Strips) (1 Strip = 7 Tablets)

Rs. 320.60

Rs. 337.50","320.60

 337.50","320.60

 337.50",98
"Ondaset Tablets 8mg (1 Box = 10 Tablets)

Rs. 379.10

Rs. 399.00","379.10

 399.00","379.10

 399.00",98
"Crestat Ez Tablets 20mg/10mg (1 Box = 1 Strip) (1 Strip = 10 Tablets)

Rs. 647.00

Rs. 681.10","647.00

 681.10","647.00

 681.10",98
"Fibre One Cereals

Rs. 35.63

Rs. 37.50","35.63

 37.50","35.63

 37.50",98
"Tracnesan Cream 0.05% 10g

Rs. 235.13

Rs. 247.51","235.13

 247.51","235.13

 247.51",98
"Aprovel Tablets 150mg (1 Strip = 14 Tablets)

Rs. 270.48

Rs. 284.76","270.48

 284.76","270.48

 284.76",98
"Nassa Tablets 15mg (1 Strip = 10 Tablets)

Rs. 323.00

Rs. 340.00","323.00

 340.00","323.00

 340.00",98
"Am-Telsan Tablets 5mg/80mg (1 Box = 2 Strips) (1 Strip = 7 Tablets)

Rs. 622.30

Rs. 655.00","622.30

 655.00","622.30

 655.00",98
"Transamin Im/Iv Injection 250mg 5ml (1 Box = 10 Ampoules)

Rs. 24.58

Rs. 25.87","24.58

 25.87","24.58

 25.87",98
"Aprovel Tablets 150mg (1 Strip = 14 Tablets)

Rs. 270.48

Rs. 284.76","270.48

 284.76","270.48

 284.76",98
"Transamin Im/Iv Injection 250mg 5ml (1 Box = 10 Ampoules)

Rs. 24.58

Rs. 25.87","24.58

 25.87","24.58

 25.87",98
"Fibre One Cereals

Rs. 35.63

Rs. 37.50","35.63

 37.50","35.63

 37.50",98
"Diampa-M Xr Tablets 5mg+1000mg (1 Strip = 7 Tablets)

Rs. 194.74

Rs. 205.00","194.74

 205.00","194.74

 205.00",98
"Persch 30ml Syrup 1mg/Ml

Rs. 503.50

Rs. 530.00","503.50

 530.00","503.50

 530.00",99
"Myteka Tablets 10mg (1 Strip = 7 Tablets)

Rs. 263.62

Rs. 277.50","263.62

 277.50","263.62

 277.50",99
"Diampa-M Xr Tablets 5mg+1000mg (1 Strip = 7 Tablets)

Rs. 194.74

Rs. 205.00","194.74

 205.00","194.74

 205.00",99
"Calamox Duo 70ml Suspension 400mg/57ml

Rs. 316.64

Rs. 333.31","316.64

 333.31","316.64

 333.31",99
"Aprovel Tablets 150mg (1 Strip = 14 Tablets)

Rs. 270.48

Rs. 284.76","270.48

 284.76","270.48

 284.76",99
"Fibre One Cereals

Rs. 35.63

Rs. 37.50","35.63

 37.50","35.63

 37.50",99
"Zentro Tablets 40mg (1 Box = 1 Strip)(1 Strip = 14 Tablets)

Rs. 427.56

Rs. 450.00","427.56

 450.00","427.56

 450.00",99
"Ivermite Tablets 6mg (1 Box = 1 Strip)(1 Strip = 10 Tablets)

Rs. 428.50

Rs. 451.00","428.50

 451.00","428.50

 451.00",99
"Myteka Tablets 10mg (1 Strip = 7 Tablets)

Rs. 263.62

Rs. 277.50","263.62

 277.50","263.62

 277.50",99
"Flucon 35ml Suspension 50mg

Rs. 334.42

Rs. 352.02","334.42

 352.02","334.42

 352.02",99
"Ivermite Tablets 6mg (1 Box = 1 Strip)(1 Strip = 10 Tablets)

Rs. 428.50

Rs. 451.00","428.50

 451.00","428.50

 451.00",99
"Cefspan Capsules 400mg (1 Bottle = 5 Capsules)

Rs. 693.50

Rs. 730.00","693.50

 730.00","693.50

 730.00",99
"Cefspan Capsules 400mg (1 Bottle = 5 Capsules)

Rs. 693.50

Rs. 730.00","693.50

 730.00","693.50

 730.00",99
"Vilanto-U Dpi Capsules 62.5mcg+25mcg (1 Box = 3 Strips) (1 Strip = 10 Capsules)

Rs. 348.30

Rs. 366.67","348.30

 366.67","348.30

 366.67",99
"Alphagan Eye Drops 0.2% 5ml

Rs. 807.50

Rs. 850.00","807.50

 850.00","807.50

 850.00",99
"Tirzee Injection 10mg/0.5ml (1 Box = 1prefilled Pen)

Rs. 9,500.00

Rs. 10,000.00","9,500.00

 10,000.00","9,500.00

 10,000.00",100
"Zentro Tablets 40mg (1 Box = 1 Strip)(1 Strip = 14 Tablets)

Rs. 427.56

Rs. 450.00","427.56

 450.00","427.56

 450.00",100
"Spasrid Tablets (1 Box = 3 Strips) (1 Strip = 10 Tablets)

Rs. 427.50

Rs. 450.00","427.50

 450.00","427.50

 450.00",100
"Tirzee Injection 10mg/0.5ml (1 Box = 1prefilled Pen)

Rs. 9,500.00

Rs. 10,000.00","9,500.00

 10,000.00","9,500.00

 10,000.00",100
"Fdl Ringer Infusion 500ml

Rs. 287.79

Rs. 302.94","287.79

 302.94","287.79

 302.94",100
"Plarvy Cough Syrup 120ml

Rs. 370.50

Rs. 390.00","370.50

 390.00","370.50

 390.00",100
"Tirzee Injection 10mg/0.5ml (1 Box = 1prefilled Pen)

Rs. 9,500.00

Rs. 10,000.00","9,500.00

 10,000.00","9,500.00

 10,000.00",100
"Fdl Ringer Infusion 500ml

Rs. 287.79

Rs. 302.94","287.79

 302.94","287.79

 302.94",100
"Rocip Eye Drops 5ml

Rs. 45.45

Rs. 47.84","45.45

 47.84","45.45

 47.84",100
"Cefspan Capsules 400mg (1 Bottle = 5 Capsules)

Rs. 693.50

Rs. 730.00","693.50

 730.00","693.50

 730.00",100
"Fdl Ringer Infusion 500ml

Rs. 287.79

Rs. 302.94","287.79

 302.94","287.79

 302.94",100
"Healthaid Zinc Sulphate Tablets 200mg (1 Box = 90 Tablets)

Rs. 2,802.50

Rs. 2,950.00","2,802.50

 2,950.00","2,802.50

 2,950.00",100
"Klaricid 60ml Suspension 125mg/5ml

Rs. 549.64

Rs. 578.57","549.64

 578.57","549.64

 578.57",100
"Preloft Tablets 50mg (1 Strip = 15 Tablets)

Rs. 467.85

Rs. 492.50","467.85

 492.50","467.85

 492.50",100
"Rupataget Tablets 10mg (1 Box = 2 Strips) (1 Strip = 7 Tablets)

Rs. 166.25

Rs. 175.00","166.25

 175.00","166.25

 175.00",100
"Calamox Duo 70ml Suspension 400mg/57ml

Rs. 316.64

Rs. 333.31","316.64

 333.31","316.64

 333.31",100
"Dicloran Topical Gel 30g

Rs. 242.25

Rs. 255.00","242.25

 255.00","242.25

 255.00",100
"Elgozon Tablets 200mg (1 Box = 10 Tablets)

Rs. 247.00

Rs. 260.00","247.00

 260.00","247.00

 260.00",101
"Tirzee Injection 10mg/0.5ml (1 Box = 1prefilled Pen)

Rs. 9,500.00

Rs. 10,000.00","9,500.00

 10,000.00","9,500.00

 10,000.00",101
"Klaricid 60ml Suspension 125mg/5ml

Rs. 549.64

Rs. 578.57","549.64

 578.57","549.64

 578.57",101
"Evopride Tablets 4mg (1 Box = 3 Strips) (1 Strip = 10 Tablets)

Rs. 1,054.50

Rs. 1,110.00","1,054.50

 1,110.00","1,054.50

 1,110.00",101
"Xarelto Tablets 20mg (1 Box = 14 Tablets)

Rs. 4,867.94

Rs. 5,124.13","4,867.94

 5,124.13","4,867.94

 5,124.13",101
"Progeffik Softgel Capsules 200mg (1 Box = 1 Strip)(1 Strip = 15 Capsules)

Rs. 1,956.30

Rs. 2,059.24","1,956.30

 2,059.24","1,956.30

 2,059.24",101
"Zentro Tablets 40mg (1 Box = 1 Strip)(1 Strip = 14 Tablets)

Rs. 427.56

Rs. 450.00","427.56

 450.00","427.56

 450.00",101
"Aprovel Tablets 150mg (1 Strip = 14 Tablets)

Rs. 270.48

Rs. 284.76","270.48

 284.76","270.48

 284.76",101
"Klaricid 60ml Suspension 125mg/5ml

Rs. 549.64

Rs. 578.57","549.64

 578.57","549.64

 578.57",101
"Gvia-M Tablets 50mg/1000mg (1 Strip = 7 Tablets)

Rs. 259.35

Rs. 273.00","259.35

 273.00","259.35

 273.00",101
"Flucon 35ml Suspension 50mg

Rs. 334.42

Rs. 352.02","334.42

 352.02","334.42

 352.02",101
"Progeffik Softgel Capsules 200mg (1 Box = 1 Strip)(1 Strip = 15 Capsules)

Rs. 1,956.30

Rs. 2,059.24","1,956.30

 2,059.24","1,956.30

 2,059.24",101
"Mirabet Tablets 50mg (1 Box = 2 Strips) (1 Strip = 10 Tablets)

Rs. 2,102.20

Rs. 2,212.74","2,102.20

 2,212.74","2,102.20

 2,212.74",101
"Aprovel Tablets 150mg (1 Strip = 14 Tablets)

Rs. 270.48

Rs. 284.76","270.48

 284.76","270.48

 284.76",101
"Moxtu Tablets 7.5mg (1 Box = 3 Strips) (1 Strip = 10 Tablets)

Rs. 116.50

Rs. 122.67","116.50

 122.67","116.50

 122.67",101
"Diampa-M Xr Tablets 5mg+1000mg (1 Strip = 7 Tablets)

Rs. 194.74

Rs. 205.00","194.74

 205.00","194.74

 205.00",101
"Sedil Tablets 10mg (1 Box = 3 Strips) (1 Strip = 10 Tablets)

Rs. 288.90

Rs. 304.26","288.90

 304.26","288.90

 304.26",101
"Vilanto-U Dpi Capsules 62.5mcg+25mcg (1 Box = 3 Strips) (1 Strip = 10 Capsules)

Rs. 348.30

Rs. 366.67","348.30

 366.67","348.30

 366.67",102
"Tracnesan Cream 0.05% 10g

Rs. 235.13

Rs. 247.51","235.13

 247.51","235.13

 247.51",102
"Preloft Tablets 50mg (1 Strip = 15 Tablets)

Rs. 467.85

Rs. 492.50","467.85

 492.50","467.85

 492.50",102
"Artheget-Ez Tablets 80mg+480mg (1 Box = 2 Strips) (1 Strip = 3 Tablets)

Rs. 585.18

Rs. 616.00","585.18

 616.00","585.18

 616.00",102
"Genticyn Eye/Ear Drops 7.5ml

Rs. 46.29

Rs. 48.73","46.29

 48.73","46.29

 48.73",102
"Calamox Duo 70ml Suspension 400mg/57ml

Rs. 316.64

Rs. 333.31","316.64

 333.31","316.64

 333.31",102
"Persch 30ml Syrup 1mg/Ml

Rs. 503.50

Rs. 530.00","503.50

 530.00","503.50

 530.00",102
"Cefspan Capsules 400mg (1 Bottle = 5 Capsules)

Rs. 693.50

Rs. 730.00","693.50

 730.00","693.50

 730.00",102
"Fibre One Cereals

Rs. 35.63

Rs. 37.50","35.63

 37.50","35.63

 37.50",102
"Photonic Anti-Dandruf Shampoo 120ml

Rs. 980.69

Rs. 1,032.30","980.69

 1,032.30","980.69

 1,032.30",102
"Artheget-Ez Tablets 80mg+480mg (1 Box = 2 Strips) (1 Strip = 3 Tablets)

Rs. 585.18

Rs. 616.00","585.18

 616.00","585.18

 616.00",102
"Atcomid Tablets 50mg (1 Box = 1 Strip)(1 Strip = 14 Tablets)

Rs. 455.98

Rs. 480.00","455.98

 480.00","455.98

 480.00",102
"Covam Plus Tablets 10mg+160mg+25mg (1 Box = 4 Strips) (1 Strip = 7 Tablets)

Rs. 584.36

Rs. 615.00","584.36

 615.00","584.36

 615.00",102
"Sem-O Tablets 3mg (1 Box = 2 Strips) (1 Strip = 7 Tablets)

Rs. 1,645.91

Rs. 1,732.54","1,645.91

 1,732.54","1,645.91

 1,732.54",102
"Healthaid Zinc Sulphate Tablets 200mg (1 Box = 90 Tablets)

Rs. 2,802.50

Rs. 2,950.00","2,802.50

 2,950.00","2,802.50

 2,950.00",102
"Alphagan Eye Drops 0.2% 5ml

Rs. 807.50

Rs. 850.00","807.50

 850.00","807.50

 850.00",102
"Artheget-Ez Tablets 80mg+480mg (1 Box = 2 Strips) (1 Strip = 3 Tablets)

Rs. 585.18

Rs. 616.00","585.18

 616.00","585.18

 616.00",102
"Preloft Tablets 50mg (1 Strip = 15 Tablets)

Rs. 467.85

Rs. 492.50","467.85

 492.50","467.85

 492.50",103
"Dicloran Topical Gel 30g

Rs. 242.25

Rs. 255.00","242.25

 255.00","242.25

 255.00",103
"Tenofo-B Tablets 300mg

Rs. 4,065.90

Rs. 4,280.00","4,065.90

 4,280.00","4,065.90

 4,280.00",103
"Sem-O Tablets 3mg (1 Box = 2 Strips) (1 Strip = 7 Tablets)

Rs. 1,645.91

Rs. 1,732.54","1,645.91

 1,732.54","1,645.91

 1,732.54",103
"Healthaid Iro Active Capsules (1 Box = 30 Capsules)

Rs. 1,900.00

Rs. 2,000.00","1,900.00

 2,000.00","1,900.00

 2,000.00",103
"Preloft Tablets 50mg (1 Strip = 15 Tablets)

Rs. 467.85

Rs. 492.50","467.85

 492.50","467.85

 492.50",103
"Genticyn Eye/Ear Drops 7.5ml

Rs. 46.29

Rs. 48.73","46.29

 48.73","46.29

 48.73",103
"Butyn Tablets 5mg (1 Strip = 10 Tablets)

Rs. 541.50

Rs. 570.00","541.50

 570.00","541.50

 570.00",103
"Tracnesan Cream 0.05% 10g

Rs. 235.13

Rs. 247.51","235.13

 247.51","235.13

 247.51",103
"Rocip Eye Drops 5ml

Rs. 45.45

Rs. 47.84","45.45

 47.84","45.45

 47.84",103
"Photonic Anti-Dandruf Shampoo 120ml

Rs. 980.69

Rs. 1,032.30","980.69

 1,032.30","980.69

 1,032.30",103
"Plarvy Cough Syrup 120ml

Rs. 370.50

Rs. 390.00","370.50

 390.00","370.50

 390.00",103
"Drate Plus D Tablets 70mg/70mcg (1 Box = 1 Strip)(1 Strip = 4 Tablets)

Rs. 936.84

Rs. 986.14","936.84

 986.14","936.84

 986.14",103
"Sem-O Tablets 3mg (1 Box = 2 Strips) (1 Strip = 7 Tablets)

Rs. 1,645.91

Rs. 1,732.54","1,645.91

 1,732.54","1,645.91

 1,732.54",103
"Multical-1000 Sachets (1 Box = 10 Sachets)

Rs. 23.75

Rs. 25.00","23.75

 25.00","23.75

 25.00",103
"Cefspan Capsules 400mg (1 Bottle = 5 Capsules)

Rs. 693.50

Rs. 730.00","693.50

 730.00","693.50

 730.00",103
"Telsarta-D Tablets 40/12.5mg (1 Box = 2 Strips) (1 Strip = 7 Tablets)

Rs. 465.50

Rs. 490.00","465.50

 490.00","465.50

 490.00",103
"Drate Plus D Tablets 70mg/70mcg (1 Box = 1 Strip)(1 Strip = 4 Tablets)

Rs. 936.84

Rs. 986.14","936.84

 986.14","936.84

 986.14",104
"Bilzen Tablets 20mg (1 Box = 1 Strip) (1 Strip = 10 Tablets)

Rs. 285.00

Rs. 300.00","285.00

 300.00","285.00

 300.00",104
"Cefspan Capsules 400mg (1 Bottle = 5 Capsules)

Rs. 693.50

Rs. 730.00","693.50

 730.00","693.50

 730.00",104
"Cefspan Capsules 400mg (1 Bottle = 5 Capsules)

Rs. 693.50

Rs. 730.00","693.50

 730.00","693.50

 730.00",104
"Descol Tablets 20mg (1 Box = 1 Strip)(1 Strip = 10 Tablets)

Rs. 361.00

Rs. 380.00","361.00

 380.00","361.00

 380.00",104
"Fdl Ringer Infusion 500ml

Rs. 287.79

Rs. 302.94","287.79

 302.94","287.79

 302.94",104
"Artheget-Ez Tablets 80mg+480mg (1 Box = 2 Strips) (1 Strip = 3 Tablets)

Rs. 585.18

Rs. 616.00","585.18

 616.00","585.18

 616.00",104
"Fdl Ringer Infusion 500ml

Rs. 287.79

Rs. 302.94","287.79

 302.94","287.79

 302.94",104
"Neevo Tablets (1 Strip = 10 Tablets)

Rs. 20.90

Rs. 22.00","20.90

 22.00","20.90

 22.00",104
"Photonic Anti-Dandruf Shampoo 120ml

Rs. 980.69

Rs. 1,032.30","980.69

 1,032.30","980.69

 1,032.30",104
"Rupataget Tablets 10mg (1 Box = 2 Strips) (1 Strip = 7 Tablets)

Rs. 166.25

Rs. 175.00","166.25

 175.00","166.25

 175.00",104
"Genticyn Eye/Ear Drops 7.5ml

Rs. 46.29

Rs. 48.73","46.29

 48.73","46.29

 48.73",104
"Butyn Tablets 5mg (1 Strip = 10 Tablets)

Rs. 541.50

Rs. 570.00","541.50

 570.00","541.50

 570.00",104
"Atcomid Tablets 50mg (1 Box = 1 Strip)(1 Strip = 14 Tablets)

Rs. 455.98

Rs. 480.00","455.98

 480.00","455.98

 480.00",104
"Butyn Tablets 5mg (1 Strip = 10 Tablets)

Rs. 541.50

Rs. 570.00","541.50

 570.00","541.50

 570.00",104
"Fdl Ringer Infusion 500ml

Rs. 287.79

Rs. 302.94","287.79

 302.94","287.79

 302.94",104
"Sedil Tablets 10mg (1 Box = 3 Strips) (1 Strip = 10 Tablets)

Rs. 288.90

Rs. 304.26","288.90

 304.26","288.90

 304.26",104
"Elgozon Tablets 200mg (1 Box = 10 Tablets)

Rs. 247.00

Rs. 260.00","247.00

 260.00","247.00

 260.00",104
"Tracnesan Cream 0.05% 10g

Rs. 235.13

Rs. 247.51","235.13

 247.51","235.13

 247.51",105
"Calamox Duo 70ml Suspension 400mg/57ml

Rs. 316.64

Rs. 333.31","316.64

 333.31","316.64

 333.31",105
"Fibre One Cereals

Rs. 35.63

Rs. 37.50","35.63

 37.50","35.63

 37.50",105
"Tirzee Injection 10mg/0.5ml (1 Box = 1prefilled Pen)

Rs. 9,500.00

Rs. 10,000.00","9,500.00

 10,000.00","9,500.00

 10,000.00",105
"Cefspan Capsules 400mg (1 Bottle = 5 Capsules)

Rs. 693.50

Rs. 730.00","693.50

 730.00","693.50

 730.00",105
"Tirzee Injection 10mg/0.5ml (1 Box = 1prefilled Pen)

Rs. 9,500.00

Rs. 10,000.00","9,500.00

 10,000.00","9,500.00

 10,000.00",105
"Cefspan Capsules 400mg (1 Bottle = 5 Capsules)

Rs. 693.50

Rs. 730.00","693.50

 730.00","693.50

 730.00",105
"Tirzee Injection 10mg/0.5ml (1 Box = 1prefilled Pen)

Rs. 9,500.00

Rs. 10,000.00","9,500.00

 10,000.00","9,500.00

 10,000.00",105
"Cefspan Capsules 400mg (1 Bottle = 5 Capsules)

Rs. 693.50

Rs. 730.00","693.50

 730.00","693.50

 730.00",105
"Cefspan Capsules 400mg (1 Bottle = 5 Capsules)

Rs. 693.50

Rs. 730.00","693.50

 730.00","693.50

 730.00",105
"Spasrid Tablets (1 Box = 3 Strips) (1 Strip = 10 Tablets)

Rs. 427.50

Rs. 450.00","427.50

 450.00","427.50

 450.00",105
"Transamin Im/Iv Injection 250mg 5ml (1 Box = 10 Ampoules)

Rs. 24.58

Rs. 25.87","24.58

 25.87","24.58

 25.87",105
"Genticyn Eye/Ear Drops 7.5ml

Rs. 46.29

Rs. 48.73","46.29

 48.73","46.29

 48.73",105
"Mirabet Tablets 50mg (1 Box = 2 Strips) (1 Strip = 10 Tablets)

Rs. 2,102.20

Rs. 2,212.74","2,102.20

 2,212.74","2,102.20

 2,212.74",105
"Atcomid Tablets 50mg (1 Box = 1 Strip)(1 Strip = 14 Tablets)

Rs. 455.98

Rs. 480.00","455.98

 480.00","455.98

 480.00",105
"Klaricid 60ml Suspension 125mg/5ml

Rs. 549.64

Rs. 578.57","549.64

 578.57","549.64

 578.57",105
"Atcomid Tablets 50mg (1 Box = 1 Strip)(1 Strip = 14 Tablets)

Rs. 455.98

Rs. 480.00","455.98

 480.00","455.98

 480.00",105
"Mirabet Tablets 50mg (1 Box = 2 Strips) (1 Strip = 10 Tablets)

Rs. 2,102.20

Rs. 2,212.74","2,102.20

 2,212.74","2,102.20

 2,212.74",106
"Klaricid 60ml Suspension 125mg/5ml

Rs. 549.64

Rs. 578.57","549.64

 578.57","549.64

 578.57",106
"Sedil Tablets 10mg (1 Box = 3 Strips) (1 Strip = 10 Tablets)

Rs. 288.90

Rs. 304.26","288.90

 304.26","288.90

 304.26",106
"Gvia-M Tablets 50mg/1000mg (1 Strip = 7 Tablets)

Rs. 259.35

Rs. 273.00","259.35

 273.00","259.35

 273.00",106
"Tamsolin-S Tablets 0.4mg+6 Mg (1 Strip = 10 Tablets)

Rs. 1,367.10

Rs. 1,439.00","1,367.10

 1,439.00","1,367.10

 1,439.00",106
"Crestat Ez Tablets 20mg/10mg (1 Box = 1 Strip) (1 Strip = 10 Tablets)

Rs. 647.00

Rs. 681.10","647.00

 681.10","647.00

 681.10",106
"Inosita Plus Xr Tablets 50mg/500mg (1 Box = 2 Strips) (1 Strip = 7 Tablets)

Rs. 651.70

Rs. 686.00","651.70

 686.00","651.70

 686.00",106
"Klaricid 60ml Suspension 125mg/5ml

Rs. 549.64

Rs. 578.57","549.64

 578.57","549.64

 578.57",106
"Klaricid 60ml Suspension 125mg/5ml

Rs. 549.64

Rs. 578.57","549.64

 578.57","549.64

 578.57",106
"Mirabet Tablets 50mg (1 Box = 2 Strips) (1 Strip = 10 Tablets)

Rs. 2,102.20

Rs. 2,212.74","2,102.20

 2,212.74","2,102.20

 2,212.74",106
"Funge Tablets 250mg (1 Box = 2 Strips) (1 Strip = 5 Tablets)

Rs. 760.00

Rs. 800.00","760.00

 800.00","760.00

 800.00",106
"Transamin Im/Iv Injection 250mg 5ml (1 Box = 10 Ampoules)

Rs. 24.58

Rs. 25.87","24.58

 25.87","24.58

 25.87",106
"Fcm Iv Injection 500mg/10ml (1 Box = 1 Injection)

Rs. 2,327.50

Rs. 2,450.00","2,327.50

 2,450.00","2,327.50

 2,450.00",106
"Transamin Im/Iv Injection 250mg 5ml (1 Box = 10 Ampoules)

Rs. 24.58

Rs. 25.87","24.58

 25.87","24.58

 25.87",106
"Fibre One Cereals

Rs. 35.63

Rs. 37.50","35.63

 37.50","35.63

 37.50",106
"Genticyn Eye/Ear Drops 7.5ml

Rs. 46.29

Rs. 48.73","46.29

 48.73","46.29

 48.73",107
"Genticyn Eye/Ear Drops 7.5ml

Rs. 46.29

Rs. 48.73","46.29

 48.73","46.29

 48.73",107
"Mirabet Tablets 50mg (1 Box = 2 Strips) (1 Strip = 10 Tablets)

Rs. 2,102.20

Rs. 2,212.74","2,102.20

 2,212.74","2,102.20

 2,212.74",107
"Sedil Tablets 10mg (1 Box = 3 Strips) (1 Strip = 10 Tablets)

Rs. 288.90

Rs. 304.26","288.90

 304.26","288.90

 304.26",107
"Sedil Tablets 10mg (1 Box = 3 Strips) (1 Strip = 10 Tablets)

Rs. 288.90

Rs. 304.26","288.90

 304.26","288.90

 304.26",107
"Sedil Tablets 10mg (1 Box = 3 Strips) (1 Strip = 10 Tablets)

Rs. 288.90

Rs. 304.26","288.90

 304.26","288.90

 304.26",107
"Hytrin Tablets 5mg (1 Strip = 10 Tablets)

Rs. 845.70

Rs. 890.22","845.70

 890.22","845.70

 890.22",107
"Atcomid Tablets 100mg (1 Box = 1 Strip)(1 Strip = 14 Tablets)

Rs. 665.00

Rs. 700.00","665.00

 700.00","665.00

 700.00",107
"Genticyn Eye/Ear Drops 7.5ml

Rs. 46.29

Rs. 48.73","46.29

 48.73","46.29

 48.73",107
"Klaricid 60ml Suspension 125mg/5ml

Rs. 549.64

Rs. 578.57","549.64

 578.57","549.64

 578.57",107
"Genticyn Eye/Ear Drops 7.5ml

Rs. 46.29

Rs. 48.73","46.29

 48.73","46.29

 48.73",107
"Atcomid Tablets 100mg (1 Box = 1 Strip)(1 Strip = 14 Tablets)

Rs. 665.00

Rs. 700.00","665.00

 700.00","665.00

 700.00",107
"Rupataget Tablets 10mg (1 Box = 2 Strips) (1 Strip = 7 Tablets)

Rs. 166.25

Rs. 175.00","166.25

 175.00","166.25

 175.00",107
"Progeffik Softgel Capsules 200mg (1 Box = 1 Strip)(1 Strip = 15 Capsules)

Rs. 1,956.30

Rs. 2,059.24","1,956.30

 2,059.24","1,956.30

 2,059.24",107
"Atcomid Tablets 100mg (1 Box = 1 Strip)(1 Strip = 14 Tablets)

Rs. 665.00

Rs. 700.00","665.00

 700.00","665.00

 700.00",107
"Progeffik Softgel Capsules 200mg (1 Box = 1 Strip)(1 Strip = 15 Capsules)

Rs. 1,956.30

Rs. 2,059.24","1,956.30

 2,059.24","1,956.30

 2,059.24",107
"Progeffik Softgel Capsules 200mg (1 Box = 1 Strip)(1 Strip = 15 Capsules)

Rs. 1,956.30

Rs. 2,059.24","1,956.30

 2,059.24","1,956.30

 2,059.24",108
"Funge Tablets 250mg (1 Box = 2 Strips) (1 Strip = 5 Tablets)

Rs. 760.00

Rs. 800.00","760.00

 800.00","760.00

 800.00",108
"Progeffik Softgel Capsules 200mg (1 Box = 1 Strip)(1 Strip = 15 Capsules)

Rs. 1,956.30

Rs. 2,059.24","1,956.30

 2,059.24","1,956.30

 2,059.24",108
"Iroxide-F Tablets 100mg + 0.35mg (1 Box = 3 Strips) (1 Strip = 10 Tablets)

Rs. 107.70

Rs. 113.33","107.70

 113.33","107.70

 113.33",108
"Scirica Capsules 100mg (1 Box = 2 Strips) (1 Strip = 7 Tablets)

Rs. 126.28

Rs. 132.93","126.28

 132.93","126.28

 132.93",108
"Iroxide-F Tablets 100mg + 0.35mg (1 Box = 3 Strips) (1 Strip = 10 Tablets)

Rs. 107.70

Rs. 113.33","107.70

 113.33","107.70

 113.33",108
"Tracnesan Cream 0.05% 10g

Rs. 235.13

Rs. 247.51","235.13

 247.51","235.13

 247.51",108
"Elgozon Tablets 200mg (1 Box = 10 Tablets)

Rs. 247.00

Rs. 260.00","247.00

 260.00","247.00

 260.00",108
"Dicloran Topical Gel 30g

Rs. 242.25

Rs. 255.00","242.25

 255.00","242.25

 255.00",108
"Iroxide-F Tablets 100mg + 0.35mg (1 Box = 3 Strips) (1 Strip = 10 Tablets)

Rs. 107.70

Rs. 113.33","107.70

 113.33","107.70

 113.33",108
"Ondaset Tablets 8mg (1 Box = 10 Tablets)

Rs. 379.10

Rs. 399.00","379.10

 399.00","379.10

 399.00",108
"Rocip Eye Drops 5ml

Rs. 45.45

Rs. 47.84","45.45

 47.84","45.45

 47.84",108
"Artheget-Ez Tablets 80mg+480mg (1 Box = 2 Strips) (1 Strip = 3 Tablets)

Rs. 585.18

Rs. 616.00","585.18

 616.00","585.18

 616.00",108
"Rocip Eye Drops 5ml

Rs. 45.45

Rs. 47.84","45.45

 47.84","45.45

 47.84",108
"Cefspan Capsules 400mg (1 Bottle = 5 Capsules)

Rs. 693.50

Rs. 730.00","693.50

 730.00","693.50

 730.00",108
"Rocip Eye Drops 5ml

Rs. 45.45

Rs. 47.84","45.45

 47.84","45.45

 47.84",109
"Elgozon Tablets 200mg (1 Box = 10 Tablets)

Rs. 247.00

Rs. 260.00","247.00

 260.00","247.00

 260.00",109
"Ivermite Tablets 6mg (1 Box = 1 Strip)(1 Strip = 10 Tablets)

Rs. 428.50

Rs. 451.00","428.50

 451.00","428.50

 451.00",109
"Kleen Enema Rectal Liquid 135ml

Rs. 237.50

Rs. 250.00","237.50

 250.00","237.50

 250.00",109
"Progeffik Softgel Capsules 200mg (1 Box = 1 Strip)(1 Strip = 15 Capsules)

Rs. 1,956.30

Rs. 2,059.24","1,956.30

 2,059.24","1,956.30

 2,059.24",109
"Calamox Duo 70ml Suspension 400mg/57ml

Rs. 316.64

Rs. 333.31","316.64

 333.31","316.64

 333.31",109
"Tirzee Injection 10mg/0.5ml (1 Box = 1prefilled Pen)

Rs. 9,500.00

Rs. 10,000.00","9,500.00

 10,000.00","9,500.00

 10,000.00",109
"Fibre One Cereals

Rs. 35.63

Rs. 37.50","35.63

 37.50","35.63

 37.50",109
"Flucon 35ml Suspension 50mg

Rs. 334.42

Rs. 352.02","334.42

 352.02","334.42

 352.02",109
"Tirzee Injection 10mg/0.5ml (1 Box = 1prefilled Pen)

Rs. 9,500.00

Rs. 10,000.00","9,500.00

 10,000.00","9,500.00

 10,000.00",109
"Iroxide-F Tablets 100mg + 0.35mg (1 Box = 3 Strips) (1 Strip = 10 Tablets)

Rs. 107.70

Rs. 113.33","107.70

 113.33","107.70

 113.33",109
"Xarelto Tablets 20mg (1 Box = 14 Tablets)

Rs. 4,867.94

Rs. 5,124.13","4,867.94

 5,124.13","4,867.94

 5,124.13",109
"Progeffik Softgel Capsules 200mg (1 Box = 1 Strip)(1 Strip = 15 Capsules)

Rs. 1,956.30

Rs. 2,059.24","1,956.30

 2,059.24","1,956.30

 2,059.24",109
"Tirzee Injection 10mg/0.5ml (1 Box = 1prefilled Pen)

Rs. 9,500.00

Rs. 10,000.00","9,500.00

 10,000.00","9,500.00

 10,000.00",109
"Mirabet Tablets 50mg (1 Box = 2 Strips) (1 Strip = 10 Tablets)

Rs. 2,102.20

Rs. 2,212.74","2,102.20

 2,212.74","2,102.20

 2,212.74",109
"Kleen Enema Rectal Liquid 135ml

Rs. 237.50

Rs. 250.00","237.50

 250.00","237.50

 250.00",109
"Iroxide-F Tablets 100mg + 0.35mg (1 Box = 3 Strips) (1 Strip = 10 Tablets)

Rs. 107.70

Rs. 113.33","107.70

 113.33","107.70

 113.33",109
"Fibre One Cereals

Rs. 35.63

Rs. 37.50","35.63

 37.50","35.63

 37.50",110
"Healthaid Iro Active Capsules (1 Box = 30 Capsules)

Rs. 1,900.00

Rs. 2,000.00","1,900.00

 2,000.00","1,900.00

 2,000.00",110
"Kleen Enema Rectal Liquid 135ml

Rs. 237.50

Rs. 250.00","237.50

 250.00","237.50

 250.00",110
"Progeffik Softgel Capsules 200mg (1 Box = 1 Strip)(1 Strip = 15 Capsules)

Rs. 1,956.30

Rs. 2,059.24","1,956.30

 2,059.24","1,956.30

 2,059.24",110
"Hytrin Tablets 5mg (1 Strip = 10 Tablets)

Rs. 845.70

Rs. 890.22","845.70

 890.22","845.70

 890.22",110
"Preloft Tablets 50mg (1 Strip = 15 Tablets)

Rs. 467.85

Rs. 492.50","467.85

 492.50","467.85

 492.50",110
"Ivermite Tablets 6mg (1 Box = 1 Strip)(1 Strip = 10 Tablets)

Rs. 428.50

Rs. 451.00","428.50

 451.00","428.50

 451.00",110
"Gynosporin Vaginal Cream 35g

Rs. 163.55

Rs. 172.16","163.55

 172.16","163.55

 172.16",110
"Flucon 35ml Suspension 50mg

Rs. 334.42

Rs. 352.02","334.42

 352.02","334.42

 352.02",110
"Preloft Tablets 50mg (1 Strip = 15 Tablets)

Rs. 467.85

Rs. 492.50","467.85

 492.50","467.85

 492.50",110
"Descol Tablets 20mg (1 Box = 1 Strip)(1 Strip = 10 Tablets)

Rs. 361.00

Rs. 380.00","361.00

 380.00","361.00

 380.00",110
"Cefspan Capsules 400mg (1 Bottle = 5 Capsules)

Rs. 693.50

Rs. 730.00","693.50

 730.00","693.50

 730.00",110
"Omega-D Capsules 20mg/75mg (1 Box = 20 Tablets)

Rs. 558.60

Rs. 588.00","558.60

 588.00","558.60

 588.00",110
"Covam Plus Tablets 10mg+160mg+25mg (1 Box = 4 Strips) (1 Strip = 7 Tablets)

Rs. 584.36

Rs. 615.00","584.36

 615.00","584.36

 615.00",110
"Elgozon Tablets 200mg (1 Box = 10 Tablets)

Rs. 247.00

Rs. 260.00","247.00

 260.00","247.00

 260.00",110
"Vilanto-U Dpi Capsules 62.5mcg+25mcg (1 Box = 3 Strips) (1 Strip = 10 Capsules)

Rs. 348.30

Rs. 366.67","348.30

 366.67","348.30

 366.67",110
"Alphagan Eye Drops 0.2% 5ml

Rs. 807.50

Rs. 850.00","807.50

 850.00","807.50

 850.00",110
"Atcomid Tablets 50mg (1 Box = 1 Strip)(1 Strip = 14 Tablets)

Rs. 455.98

Rs. 480.00","455.98

 480.00","455.98

 480.00",110
"Artheget-Ez Tablets 80mg+480mg (1 Box = 2 Strips) (1 Strip = 3 Tablets)

Rs. 585.18

Rs. 616.00","585.18

 616.00","585.18

 616.00",111
"Kleen Enema Rectal Liquid 135ml

Rs. 237.50

Rs. 250.00","237.50

 250.00","237.50

 250.00",111
"Tasmi Tablets 40mg (1 Strip = 7 Tablets)

Rs. 35.63

Rs. 37.50","35.63

 37.50","35.63

 37.50",111
"Mirabet Tablets 50mg (1 Box = 2 Strips) (1 Strip = 10 Tablets)

Rs. 2,102.20

Rs. 2,212.74","2,102.20

 2,212.74","2,102.20

 2,212.74",111
"Artheget-Ez Tablets 80mg+480mg (1 Box = 2 Strips) (1 Strip = 3 Tablets)

Rs. 585.18

Rs. 616.00","585.18

 616.00","585.18

 616.00",111
"Descol Tablets 20mg (1 Box = 1 Strip)(1 Strip = 10 Tablets)

Rs. 361.00

Rs. 380.00","361.00

 380.00","361.00

 380.00",111
"Atcomid Tablets 100mg (1 Box = 1 Strip)(1 Strip = 14 Tablets)

Rs. 665.00

Rs. 700.00","665.00

 700.00","665.00

 700.00",111
"Tasmi Tablets 40mg (1 Strip = 7 Tablets)

Rs. 35.63

Rs. 37.50","35.63

 37.50","35.63

 37.50",111
"Preloft Tablets 50mg (1 Strip = 15 Tablets)

Rs. 467.85

Rs. 492.50","467.85

 492.50","467.85

 492.50",111
"Sinemet Tablets 25mg/250mg (1 Strip = 10 Tablets)

Rs. 269.30

Rs. 283.52","269.30

 283.52","269.30

 283.52",111
"Flucon 35ml Suspension 50mg

Rs. 334.42

Rs. 352.02","334.42

 352.02","334.42

 352.02",111
"Ondaset Tablets 8mg (1 Box = 10 Tablets)

Rs. 379.10

Rs. 399.00","379.10

 399.00","379.10

 399.00",111
"Atcomid Tablets 100mg (1 Box = 1 Strip)(1 Strip = 14 Tablets)

Rs. 665.00

Rs. 700.00","665.00

 700.00","665.00

 700.00",111
"Crestat Ez Tablets 20mg/10mg (1 Box = 1 Strip) (1 Strip = 10 Tablets)

Rs. 647.00

Rs. 681.10","647.00

 681.10","647.00

 681.10",111
"Butyn Tablets 5mg (1 Strip = 10 Tablets)

Rs. 541.50

Rs. 570.00","541.50

 570.00","541.50

 570.00",111
"Dicloran Topical Gel 30g

Rs. 242.25

Rs. 255.00","242.25

 255.00","242.25

 255.00",111
"Vilanto-U Dpi Capsules 62.5mcg+25mcg (1 Box = 3 Strips) (1 Strip = 10 Capsules)

Rs. 348.30

Rs. 366.67","348.30

 366.67","348.30

 366.67",112
"Tracnesan Cream 0.05% 10g

Rs. 235.13

Rs. 247.51","235.13

 247.51","235.13

 247.51",112
"Tamsolin-S Tablets 0.4mg+6 Mg (1 Strip = 10 Tablets)

Rs. 1,367.10

Rs. 1,439.00","1,367.10

 1,439.00","1,367.10

 1,439.00",112
"Elgozon Tablets 200mg (1 Box = 10 Tablets)

Rs. 247.00

Rs. 260.00","247.00

 260.00","247.00

 260.00",112
"Funge Tablets 250mg (1 Box = 2 Strips) (1 Strip = 5 Tablets)

Rs. 760.00

Rs. 800.00","760.00

 800.00","760.00

 800.00",112
"Rupataget Tablets 10mg (1 Box = 2 Strips) (1 Strip = 7 Tablets)

Rs. 166.25

Rs. 175.00","166.25

 175.00","166.25

 175.00",112
"Artheget-Ez Tablets 80mg+480mg (1 Box = 2 Strips) (1 Strip = 3 Tablets)

Rs. 585.18

Rs. 616.00","585.18

 616.00","585.18

 616.00",112
"Iroxide-F Tablets 100mg + 0.35mg (1 Box = 3 Strips) (1 Strip = 10 Tablets)

Rs. 107.70

Rs. 113.33","107.70

 113.33","107.70

 113.33",112
"Cova-H Tablets 160mg+12.5mg (1 Box = 28 Tablets)

Rs. 874.44

Rs. 920.40","874.44

 920.40","874.44

 920.40",112
"Am-Telsan Tablets 5mg/40mg (1 Box = 2 Strips) (1 Strip = 7 Tablets)

Rs. 491.12

Rs. 517.00","491.12

 517.00","491.12

 517.00",112
"Sinemet Tablets 25mg/250mg (1 Strip = 10 Tablets)

Rs. 269.30

Rs. 283.52","269.30

 283.52","269.30

 283.52",112
"Am-Telsan Tablets 5mg/40mg (1 Box = 2 Strips) (1 Strip = 7 Tablets)

Rs. 491.12

Rs. 517.00","491.12

 517.00","491.12

 517.00",112
"Coversyl Tablets 8mg (1 Box = 1 Strip)(1 Strip = 10 Tablets)

Rs. 598.50

Rs. 630.00","598.50

 630.00","598.50

 630.00",112
"Rocip Eye Drops 5ml

Rs. 45.45

Rs. 47.84","45.45

 47.84","45.45

 47.84",112
"Coversyl Tablets 8mg (1 Box = 1 Strip)(1 Strip = 10 Tablets)

Rs. 598.50

Rs. 630.00","598.50

 630.00","598.50

 630.00",112
"Ivermite Tablets 6mg (1 Box = 1 Strip)(1 Strip = 10 Tablets)

Rs. 428.50

Rs. 451.00","428.50

 451.00","428.50

 451.00",112
"Funge Tablets 250mg (1 Box = 2 Strips) (1 Strip = 5 Tablets)

Rs. 760.00

Rs. 800.00","760.00

 800.00","760.00

 800.00",112
"Savesto 200 Tablets 97mg +103mg (1 Box = 2 Strips) (1 Strip = 7 Tablets)

Rs. 605.64

Rs. 637.50","605.64

 637.50","605.64

 637.50",113
"Fibre One Cereals

Rs. 35.63

Rs. 37.50","35.63

 37.50","35.63

 37.50",113
"Dicloran Topical Gel 30g

Rs. 242.25

Rs. 255.00","242.25

 255.00","242.25

 255.00",113
"Tamsolin-S Tablets 0.4mg+6 Mg (1 Strip = 10 Tablets)

Rs. 1,367.10

Rs. 1,439.00","1,367.10

 1,439.00","1,367.10

 1,439.00",113
"Gabica Capsules 150mg (1 Strip = 7 Capsules)

Rs. 542.90

Rs. 571.43","542.90

 571.43","542.90

 571.43",113
"Artheget-Ez Tablets 80mg+480mg (1 Box = 2 Strips) (1 Strip = 3 Tablets)

Rs. 585.18

Rs. 616.00","585.18

 616.00","585.18

 616.00",113
"Tracnesan Cream 0.05% 10g

Rs. 235.13

Rs. 247.51","235.13

 247.51","235.13

 247.51",113
"Artheget-Ez Tablets 80mg+480mg (1 Box = 2 Strips) (1 Strip = 3 Tablets)

Rs. 585.18

Rs. 616.00","585.18

 616.00","585.18

 616.00",113
"Tracnesan Cream 0.05% 10g

Rs. 235.13

Rs. 247.51","235.13

 247.51","235.13

 247.51",113
"Flucon 35ml Suspension 50mg

Rs. 334.42

Rs. 352.02","334.42

 352.02","334.42

 352.02",113
"Am-Telsan Tablets 5mg/40mg (1 Box = 2 Strips) (1 Strip = 7 Tablets)

Rs. 491.12

Rs. 517.00","491.12

 517.00","491.12

 517.00",113
"Flucon 35ml Suspension 50mg

Rs. 334.42

Rs. 352.02","334.42

 352.02","334.42

 352.02",113
"Flutiaze Nasal Spray 137mcg + 50mcg

Rs. 788.50

Rs. 830.00","788.50

 830.00","788.50

 830.00",113
"Flucon 35ml Suspension 50mg

Rs. 334.42

Rs. 352.02","334.42

 352.02","334.42

 352.02",113
"Flutiaze Nasal Spray 137mcg + 50mcg

Rs. 788.50

Rs. 830.00","788.50

 830.00","788.50

 830.00",113
"Kleen Enema Rectal Liquid 135ml

Rs. 237.50

Rs. 250.00","237.50

 250.00","237.50

 250.00",113
"Funge Tablets 250mg (1 Box = 2 Strips) (1 Strip = 5 Tablets)

Rs. 760.00

Rs. 800.00","760.00

 800.00","760.00

 800.00",113
"Rupataget Tablets 10mg (1 Box = 2 Strips) (1 Strip = 7 Tablets)

Rs. 166.25

Rs. 175.00","166.25

 175.00","166.25

 175.00",113
"Mirabet Tablets 50mg (1 Box = 2 Strips) (1 Strip = 10 Tablets)

Rs. 2,102.20

Rs. 2,212.74","2,102.20

 2,212.74","2,102.20

 2,212.74",114
"Cefspan Capsules 400mg (1 Bottle = 5 Capsules)

Rs. 693.50

Rs. 730.00","693.50

 730.00","693.50

 730.00",114
"Fdl Ringer Infusion 500ml

Rs. 287.79

Rs. 302.94","287.79

 302.94","287.79

 302.94",114
"Flucon 35ml Suspension 50mg

Rs. 334.42

Rs. 352.02","334.42

 352.02","334.42

 352.02",114
"Fdl Ringer Infusion 500ml

Rs. 287.79

Rs. 302.94","287.79

 302.94","287.79

 302.94",114
"Atcomid Tablets 100mg (1 Box = 1 Strip)(1 Strip = 14 Tablets)

Rs. 665.00

Rs. 700.00","665.00

 700.00","665.00

 700.00",114
"Rupataget Tablets 10mg (1 Box = 2 Strips) (1 Strip = 7 Tablets)

Rs. 166.25

Rs. 175.00","166.25

 175.00","166.25

 175.00",114
"Calamox Duo 70ml Suspension 400mg/57ml

Rs. 316.64

Rs. 333.31","316.64

 333.31","316.64

 333.31",114
"Covam Plus Tablets 10mg+160mg+25mg (1 Box = 4 Strips) (1 Strip = 7 Tablets)

Rs. 584.36

Rs. 615.00","584.36

 615.00","584.36

 615.00",114
"Tenofo-B Tablets 300mg

Rs. 4,065.90

Rs. 4,280.00","4,065.90

 4,280.00","4,065.90

 4,280.00",114
"Vilanto-U Dpi Capsules 62.5mcg+25mcg (1 Box = 3 Strips) (1 Strip = 10 Capsules)

Rs. 348.30

Rs. 366.67","348.30

 366.67","348.30

 366.67",114
"Savesto 200 Tablets 97mg +103mg (1 Box = 2 Strips) (1 Strip = 7 Tablets)

Rs. 605.64

Rs. 637.50","605.64

 637.50","605.64

 637.50",114
"Iroxide-F Tablets 100mg + 0.35mg (1 Box = 3 Strips) (1 Strip = 10 Tablets)

Rs. 107.70

Rs. 113.33","107.70

 113.33","107.70

 113.33",114
"Rupataget Tablets 10mg (1 Box = 2 Strips) (1 Strip = 7 Tablets)

Rs. 166.25

Rs. 175.00","166.25

 175.00","166.25

 175.00",114
"Gvia-M Tablets 50mg/1000mg (1 Strip = 7 Tablets)

Rs. 259.35

Rs. 273.00","259.35

 273.00","259.35

 273.00",114
"Progeffik Softgel Capsules 200mg (1 Box = 1 Strip)(1 Strip = 15 Capsules)

Rs. 1,956.30

Rs. 2,059.24","1,956.30

 2,059.24","1,956.30

 2,059.24",114
"Healthaid Iro Active Capsules (1 Box = 30 Capsules)

Rs. 1,900.00

Rs. 2,000.00","1,900.00

 2,000.00","1,900.00

 2,000.00",114
"Atcomid Tablets 100mg (1 Box = 1 Strip)(1 Strip = 14 Tablets)

Rs. 665.00

Rs. 700.00","665.00

 700.00","665.00

 700.00",114
"Healthaid Iro Active Capsules (1 Box = 30 Capsules)

Rs. 1,900.00

Rs. 2,000.00","1,900.00

 2,000.00","1,900.00

 2,000.00",115
"Atcomid Tablets 100mg (1 Box = 1 Strip)(1 Strip = 14 Tablets)

Rs. 665.00

Rs. 700.00","665.00

 700.00","665.00

 700.00",115
"Covam Plus Tablets 10mg+160mg+25mg (1 Box = 4 Strips) (1 Strip = 7 Tablets)

Rs. 584.36

Rs. 615.00","584.36

 615.00","584.36

 615.00",115
"Artheget-Ez Tablets 80mg+480mg (1 Box = 2 Strips) (1 Strip = 3 Tablets)

Rs. 585.18

Rs. 616.00","585.18

 616.00","585.18

 616.00",115
"Covam Plus Tablets 10mg+160mg+25mg (1 Box = 4 Strips) (1 Strip = 7 Tablets)

Rs. 584.36

Rs. 615.00","584.36

 615.00","584.36

 615.00",115
"Fcm Iv Injection 500mg/10ml (1 Box = 1 Injection)

Rs. 2,327.50

Rs. 2,450.00","2,327.50

 2,450.00","2,327.50

 2,450.00",115
"Alphagan Eye Drops 0.2% 5ml

Rs. 807.50

Rs. 850.00","807.50

 850.00","807.50

 850.00",115
"Cefspan Capsules 400mg (1 Bottle = 5 Capsules)

Rs. 693.50

Rs. 730.00","693.50

 730.00","693.50

 730.00",115
"Tracnesan Cream 0.05% 10g

Rs. 235.13

Rs. 247.51","235.13

 247.51","235.13

 247.51",115
"Gvia-M Tablets 50mg/1000mg (1 Strip = 7 Tablets)

Rs. 259.35

Rs. 273.00","259.35

 273.00","259.35

 273.00",115
"Klaricid 60ml Suspension 125mg/5ml

Rs. 549.64

Rs. 578.57","549.64

 578.57","549.64

 578.57",115
"Dicloran Topical Gel 30g

Rs. 242.25

Rs. 255.00","242.25

 255.00","242.25

 255.00",115
"Cefspan Capsules 400mg (1 Bottle = 5 Capsules)

Rs. 693.50

Rs. 730.00","693.50

 730.00","693.50

 730.00",115
"Artheget-Ez Tablets 80mg+480mg (1 Box = 2 Strips) (1 Strip = 3 Tablets)

Rs. 585.18

Rs. 616.00","585.18

 616.00","585.18

 616.00",115
"Flucon 35ml Suspension 50mg

Rs. 334.42

Rs. 352.02","334.42

 352.02","334.42

 352.02",115
"Calamox Duo 70ml Suspension 400mg/57ml

Rs. 316.64

Rs. 333.31","316.64

 333.31","316.64

 333.31",115
"Flucon 35ml Suspension 50mg

Rs. 334.42

Rs. 352.02","334.42

 352.02","334.42

 352.02",115
"Flucon 35ml Suspension 50mg

Rs. 334.42

Rs. 352.02","334.42

 352.02","334.42

 352.02",115
"Mirabet Tablets 50mg (1 Box = 2 Strips) (1 Strip = 10 Tablets)

Rs. 2,102.20

Rs. 2,212.74","2,102.20

 2,212.74","2,102.20

 2,212.74",116
"Cefspan Capsules 400mg (1 Bottle = 5 Capsules)

Rs. 693.50

Rs. 730.00","693.50

 730.00","693.50

 730.00",116
"Crestat Ez Tablets 20mg/10mg (1 Box = 1 Strip) (1 Strip = 10 Tablets)

Rs. 647.00

Rs. 681.10","647.00

 681.10","647.00

 681.10",116
"Elgozon Tablets 200mg (1 Box = 10 Tablets)

Rs. 247.00

Rs. 260.00","247.00

 260.00","247.00

 260.00",116
"Fibre One Cereals

Rs. 35.63

Rs. 37.50","35.63

 37.50","35.63

 37.50",116
"Calamox Duo 70ml Suspension 400mg/57ml

Rs. 316.64

Rs. 333.31","316.64

 333.31","316.64

 333.31",116
"Alphagan Eye Drops 0.2% 5ml

Rs. 807.50

Rs. 850.00","807.50

 850.00","807.50

 850.00",116
"Ironone Capsules 150mg (1 Box = 3 Strips) (1 Strip = 10 Capsules)

Rs. 958.50

Rs. 1,008.86","958.50

 1,008.86","958.50

 1,008.86",116
"Fibre One Cereals

Rs. 35.63

Rs. 37.50","35.63

 37.50","35.63

 37.50",116
"Ivermite Tablets 6mg (1 Box = 1 Strip)(1 Strip = 10 Tablets)

Rs. 428.50

Rs. 451.00","428.50

 451.00","428.50

 451.00",116
"Covam Plus Tablets 10mg+160mg+25mg (1 Box = 4 Strips) (1 Strip = 7 Tablets)

Rs. 584.36

Rs. 615.00","584.36

 615.00","584.36

 615.00",116
"Ondaset Tablets 8mg (1 Box = 10 Tablets)

Rs. 37.91

Rs. 39.90","37.91

 39.90","37.91

 39.90",116
"Hytrin Tablets 5mg (1 Strip = 10 Tablets)

Rs. 845.70

Rs. 890.22","845.70

 890.22","845.70

 890.22",116
"Dayline Iv Injection 1g (1 Box = 1 Injection)

Rs. 456.00

Rs. 480.00","456.00

 480.00","456.00

 480.00",116
"Progeffik Softgel Capsules 200mg (1 Box = 1 Strip)(1 Strip = 15 Capsules)

Rs. 1,956.30

Rs. 2,059.24","1,956.30

 2,059.24","1,956.30

 2,059.24",116
"Cefspan Capsules 400mg (1 Bottle = 5 Capsules)

Rs. 693.50

Rs. 730.00","693.50

 730.00","693.50

 730.00",116
"Artheget-Ez Tablets 80mg+480mg (1 Box = 2 Strips) (1 Strip = 3 Tablets)

Rs. 585.18

Rs. 616.00","585.18

 616.00","585.18

 616.00",116
"Fibre One Cereals

Rs. 35.63

Rs. 37.50","35.63

 37.50","35.63

 37.50",117
"Flucon 35ml Suspension 50mg

Rs. 334.42

Rs. 352.02","334.42

 352.02","334.42

 352.02",117
"Atcomid Tablets 50mg (1 Box = 1 Strip)(1 Strip = 14 Tablets)

Rs. 455.98

Rs. 480.00","455.98

 480.00","455.98

 480.00",117
"Mirabet Tablets 50mg (1 Box = 2 Strips) (1 Strip = 10 Tablets)

Rs. 2,102.20

Rs. 2,212.74","2,102.20

 2,212.74","2,102.20

 2,212.74",117
"Covam Plus Tablets 10mg+160mg+12.5mg (1 Box = 4 Strips) (1 Strip = 7 Tablets)

Rs. 151.20

Rs. 159.19","151.20

 159.19","151.20

 159.19",117
"Klaricid 60ml Suspension 125mg/5ml

Rs. 549.64

Rs. 578.57","549.64

 578.57","549.64

 578.57",117
"Artheget-Ez Tablets 80mg+480mg (1 Box = 2 Strips) (1 Strip = 3 Tablets)

Rs. 585.18

Rs. 616.00","585.18

 616.00","585.18

 616.00",117
"Tenofo-B Tablets 300mg

Rs. 4,065.90

Rs. 4,280.00","4,065.90

 4,280.00","4,065.90

 4,280.00",117
"Tracnesan Cream 0.05% 10g

Rs. 235.13

Rs. 247.51","235.13

 247.51","235.13

 247.51",117
"Alphagan Eye Drops 0.2% 5ml

Rs. 807.50

Rs. 850.00","807.50

 850.00","807.50

 850.00",117
"Atcomid Tablets 100mg (1 Box = 1 Strip)(1 Strip = 14 Tablets)

Rs. 665.00

Rs. 700.00","665.00

 700.00","665.00

 700.00",117
"Artheget-Ez Tablets 80mg+480mg (1 Box = 2 Strips) (1 Strip = 3 Tablets)

Rs. 213.78

Rs. 225.00","213.78

 225.00","213.78

 225.00",117
"Flucon 35ml Suspension 50mg

Rs. 334.42

Rs. 352.02","334.42

 352.02","334.42

 352.02",117
"Ondaset Tablets 8mg (1 Box = 10 Tablets)

Rs. 379.10

Rs. 399.00","379.10

 399.00","379.10

 399.00",117
"Mirabet Tablets 50mg (1 Box = 2 Strips) (1 Strip = 10 Tablets)

Rs. 2,102.20

Rs. 2,212.74","2,102.20

 2,212.74","2,102.20

 2,212.74",117
"Avorek Tablets 50mg (1 Strip = 10 Tablets)

Rs. 10.97

Rs. 11.55","10.97

 11.55","10.97

 11.55",118
"Healthaid Iro Active Capsules (1 Box = 30 Capsules)

Rs. 1,900.00

Rs. 2,000.00","1,900.00

 2,000.00","1,900.00

 2,000.00",118
"Fibre One Cereals

Rs. 35.63

Rs. 37.50","35.63

 37.50","35.63

 37.50",118
"Vilanto-U Dpi Capsules 62.5mcg+25mcg (1 Box = 3 Strips) (1 Strip = 10 Capsules)

Rs. 348.30

Rs. 366.67","348.30

 366.67","348.30

 366.67",118
"Artheget-Ez Tablets 80mg+480mg (1 Box = 2 Strips) (1 Strip = 3 Tablets)

Rs. 585.18

Rs. 616.00","585.18

 616.00","585.18

 616.00",118
"Tracnesan Cream 0.05% 10g

Rs. 235.13

Rs. 247.51","235.13

 247.51","235.13

 247.51",118
"Savesto 200 Tablets 97mg +103mg (1 Box = 2 Strips) (1 Strip = 7 Tablets)

Rs. 605.64

Rs. 637.50","605.64

 637.50","605.64

 637.50",118
"Alphagan Eye Drops 0.2% 5ml

Rs. 807.50

Rs. 850.00","807.50

 850.00","807.50

 850.00",118
"Tirzee Injection 10mg/0.5ml (1 Box = 1prefilled Pen)

Rs. 9,500.00

Rs. 10,000.00","9,500.00

 10,000.00","9,500.00

 10,000.00",118
"Tracnesan Cream 0.05% 10g

Rs. 235.13

Rs. 247.51","235.13

 247.51","235.13

 247.51",118
"Ondaset Tablets 8mg (1 Box = 10 Tablets)

Rs. 379.10

Rs. 399.00","379.10

 399.00","379.10

 399.00",118
"Atcomid Tablets 100mg (1 Box = 1 Strip)(1 Strip = 14 Tablets)

Rs. 665.00

Rs. 700.00","665.00

 700.00","665.00

 700.00",118
"Sinemet Tablets 25mg/250mg (1 Strip = 10 Tablets)

Rs. 269.30

Rs. 283.52","269.30

 283.52","269.30

 283.52",118
"Genticyn Eye/Ear Drops 7.5ml

Rs. 46.29

Rs. 48.73","46.29

 48.73","46.29

 48.73",118
"Artheget-Ez Tablets 80mg+480mg (1 Box = 2 Strips) (1 Strip = 3 Tablets)

Rs. 585.18

Rs. 616.00","585.18

 616.00","585.18

 616.00",118
"Elgozon Tablets 200mg (1 Box = 10 Tablets)

Rs. 247.00

Rs. 260.00","247.00

 260.00","247.00

 260.00",118
"Multical-1000 Sachets (1 Box = 10 Sachets)

Rs. 23.75

Rs. 25.00","23.75

 25.00","23.75

 25.00",118
"Elgozon Tablets 200mg (1 Box = 10 Tablets)

Rs. 247.00

Rs. 260.00","247.00

 260.00","247.00

 260.00",119
"Atcomid Tablets 100mg (1 Box = 1 Strip)(1 Strip = 14 Tablets)

Rs. 665.00

Rs. 700.00","665.00

 700.00","665.00

 700.00",119
"Atcomid Tablets 100mg (1 Box = 1 Strip)(1 Strip = 14 Tablets)

Rs. 665.00

Rs. 700.00","665.00

 700.00","665.00

 700.00",119
"Rosubar Tablets 10mg (1 Box = 1 Strip)(1 Strip = 10 Tablets)

Rs. 370.50

Rs. 390.00","370.50

 390.00","370.50

 390.00",119
"Aloc Capsules 60mg (1 Box = 1 Strip)(1 Strip = 10 Capsules)

Rs. 171.00

Rs. 180.00","171.00

 180.00","171.00

 180.00",119
"Dicloran Topical Gel 30g

Rs. 242.25

Rs. 255.00","242.25

 255.00","242.25

 255.00",119
"Fdl Ringer Infusion 500ml

Rs. 287.79

Rs. 302.94","287.79

 302.94","287.79

 302.94",119
"Tirzee Injection 10mg/0.5ml (1 Box = 1prefilled Pen)

Rs. 9,500.00

Rs. 10,000.00","9,500.00

 10,000.00","9,500.00

 10,000.00",119
"Mirabet Tablets 50mg (1 Box = 2 Strips) (1 Strip = 10 Tablets)

Rs. 2,102.20

Rs. 2,212.74","2,102.20

 2,212.74","2,102.20

 2,212.74",119
"Cefspan Capsules 400mg (1 Bottle = 5 Capsules)

Rs. 693.50

Rs. 730.00","693.50

 730.00","693.50

 730.00",119
"Ondaset Tablets 8mg (1 Box = 10 Tablets)

Rs. 379.10

Rs. 399.00","379.10

 399.00","379.10

 399.00",119
"Healthaid Osteovit-D Calcium Plus Tablets (1 Box = 30 Tablets)

Rs. 1,681.50

Rs. 1,770.00","1,681.50

 1,770.00","1,681.50

 1,770.00",119
"Tracnesan Cream 0.05% 10g

Rs. 235.13

Rs. 247.51","235.13

 247.51","235.13

 247.51",119
"Tracnesan Cream 0.05% 10g

Rs. 235.13

Rs. 247.51","235.13

 247.51","235.13

 247.51",119
"Artheget-Ez Tablets 80mg+480mg (1 Box = 2 Strips) (1 Strip = 3 Tablets)

Rs. 585.18

Rs. 616.00","585.18

 616.00","585.18

 616.00",119
"Klaricid 60ml Suspension 125mg/5ml

Rs. 549.64

Rs. 578.57","549.64

 578.57","549.64

 578.57",119
"Ondaset Tablets 8mg (1 Box = 10 Tablets)

Rs. 379.10

Rs. 399.00","379.10

 399.00","379.10

 399.00",119
"Artheget-Ez Tablets 80mg+480mg (1 Box = 2 Strips) (1 Strip = 3 Tablets)

Rs. 585.18

Rs. 616.00","585.18

 616.00","585.18

 616.00",120
"Alphagan Eye Drops 0.2% 5ml

Rs. 807.50

Rs. 850.00","807.50

 850.00","807.50

 850.00",120
"Dayline Iv Injection 1g (1 Box = 1 Injection)

Rs. 456.00

Rs. 480.00","456.00

 480.00","456.00

 480.00",120
"Artheget-Ez Tablets 80mg+480mg (1 Box = 2 Strips) (1 Strip = 3 Tablets)

Rs. 585.18

Rs. 616.00","585.18

 616.00","585.18

 616.00",120
"Sinemet Tablets 25mg/250mg (1 Strip = 10 Tablets)

Rs. 269.30

Rs. 283.52","269.30

 283.52","269.30

 283.52",120
"Flucon 35ml Suspension 50mg

Rs. 334.42

Rs. 352.02","334.42

 352.02","334.42

 352.02",120
"Tracnesan Cream 0.05% 10g

Rs. 235.13

Rs. 247.51","235.13

 247.51","235.13

 247.51",120
"Tirzee Injection 10mg/0.5ml (1 Box = 1prefilled Pen)

Rs. 9,500.00

Rs. 10,000.00","9,500.00

 10,000.00","9,500.00

 10,000.00",120
"Sedil Tablets 10mg (1 Box = 3 Strips) (1 Strip = 10 Tablets)

Rs. 288.90

Rs. 304.26","288.90

 304.26","288.90

 304.26",120
"Artheget-Ez Tablets 80mg+480mg (1 Box = 2 Strips) (1 Strip = 3 Tablets)

Rs. 585.18

Rs. 616.00","585.18

 616.00","585.18

 616.00",120
"Plarvy Cough Syrup 120ml

Rs. 370.50

Rs. 390.00","370.50

 390.00","370.50

 390.00",120
"Vilanto-U Dpi Capsules 62.5mcg+25mcg (1 Box = 3 Strips) (1 Strip = 10 Capsules)

Rs. 348.30

Rs. 366.67","348.30

 366.67","348.30

 366.67",120
"Fibre One Cereals

Rs. 35.63

Rs. 37.50","35.63

 37.50","35.63

 37.50",120
"Tracnesan Cream 0.05% 10g

Rs. 235.13

Rs. 247.51","235.13

 247.51","235.13

 247.51",120
"Klaricid 60ml Suspension 125mg/5ml

Rs. 549.64

Rs. 578.57","549.64

 578.57","549.64

 578.57",120
"Persch 30ml Syrup 1mg/Ml

Rs. 503.50

Rs. 530.00","503.50

 530.00","503.50

 530.00",120
"Sedil Tablets 10mg (1 Box = 3 Strips) (1 Strip = 10 Tablets)

Rs. 288.90

Rs. 304.26","288.90

 304.26","288.90

 304.26",120
"Artheget-Ez Tablets 80mg+480mg (1 Box = 2 Strips) (1 Strip = 3 Tablets)

Rs. 585.18

Rs. 616.00","585.18

 616.00","585.18

 616.00",121
"Sacvin Tablets 49mg/51mg (1 Strip = 10 Tablets)

Rs. 726.40

Rs. 764.68","726.40

 764.68","726.40

 764.68",121
"Sacvin Tablets 49mg/51mg (1 Strip = 10 Tablets)

Rs. 726.40

Rs. 764.68","726.40

 764.68","726.40

 764.68",121
"Fibre One Cereals

Rs. 35.63

Rs. 37.50","35.63

 37.50","35.63

 37.50",121
"Kleen Enema Rectal Liquid 135ml

Rs. 237.50

Rs. 250.00","237.50

 250.00","237.50

 250.00",121
"Calamox Duo 70ml Suspension 400mg/57ml

Rs. 316.64

Rs. 333.31","316.64

 333.31","316.64

 333.31",121
"Artheget-Ez Tablets 80mg+480mg (1 Box = 2 Strips) (1 Strip = 3 Tablets)

Rs. 585.18

Rs. 616.00","585.18

 616.00","585.18

 616.00",121
"Tirzee Injection 10mg/0.5ml (1 Box = 1prefilled Pen)

Rs. 9,500.00

Rs. 10,000.00","9,500.00

 10,000.00","9,500.00

 10,000.00",121
"Ondaset Tablets 8mg (1 Box = 10 Tablets)

Rs. 379.10

Rs. 399.00","379.10

 399.00","379.10

 399.00",121
"Iroxide-F Tablets 100mg + 0.35mg (1 Box = 3 Strips) (1 Strip = 10 Tablets)

Rs. 107.70

Rs. 113.33","107.70

 113.33","107.70

 113.33",121
"Ansaid Tablets 100mg (1 Strip = 10 Tablets)

Rs. 133.10

Rs. 140.07","133.10

 140.07","133.10

 140.07",121
"Fibre One Cereals

Rs. 35.63

Rs. 37.50","35.63

 37.50","35.63

 37.50",121
"Sacvin Tablets 49mg/51mg (1 Strip = 10 Tablets)

Rs. 726.40

Rs. 764.68","726.40

 764.68","726.40

 764.68",121
"Kleen Enema Rectal Liquid 135ml

Rs. 237.50

Rs. 250.00","237.50

 250.00","237.50

 250.00",121
"Tracnesan Cream 0.05% 10g

Rs. 235.13

Rs. 247.51","235.13

 247.51","235.13

 247.51",121
"Kleen Enema Rectal Liquid 135ml

Rs. 237.50

Rs. 250.00","237.50

 250.00","237.50

 250.00",122
"Ansaid Tablets 100mg (1 Strip = 10 Tablets)

Rs. 133.10

Rs. 140.07","133.10

 140.07","133.10

 140.07",122
"Elgozon Tablets 200mg (1 Box = 10 Tablets)

Rs. 247.00

Rs. 260.00","247.00

 260.00","247.00

 260.00",122
"Artheget-Ez Tablets 80mg+480mg (1 Box = 2 Strips) (1 Strip = 3 Tablets)

Rs. 585.18

Rs. 616.00","585.18

 616.00","585.18

 616.00",122
"Destina Tablets 5mg (1 Box = 1 Strip)(1 Strip = 10 Tablets)

Rs. 299.30

Rs. 315.00","299.30

 315.00","299.30

 315.00",122
"Iroxide-F Tablets 100mg + 0.35mg (1 Box = 3 Strips) (1 Strip = 10 Tablets)

Rs. 107.70

Rs. 113.33","107.70

 113.33","107.70

 113.33",122
"Crestat Ez Tablets 20mg/10mg (1 Box = 1 Strip) (1 Strip = 10 Tablets)

Rs. 647.00

Rs. 681.10","647.00

 681.10","647.00

 681.10",122
"Sedil Tablets 10mg (1 Box = 3 Strips) (1 Strip = 10 Tablets)

Rs. 288.90

Rs. 304.26","288.90

 304.26","288.90

 304.26",122
"Elgozon Tablets 200mg (1 Box = 10 Tablets)

Rs. 247.00

Rs. 260.00","247.00

 260.00","247.00

 260.00",122
"Fibre One Cereals

Rs. 35.63

Rs. 37.50","35.63

 37.50","35.63

 37.50",122
"Flucon 35ml Suspension 50mg

Rs. 334.42

Rs. 352.02","334.42

 352.02","334.42

 352.02",122
"Dicloran Topical Gel 30g

Rs. 242.25

Rs. 255.00","242.25

 255.00","242.25

 255.00",122
"Plarvy Cough Syrup 120ml

Rs. 370.50

Rs. 390.00","370.50

 390.00","370.50

 390.00",122
"Fibre One Cereals

Rs. 35.63

Rs. 37.50","35.63

 37.50","35.63

 37.50",122
"Tracnesan Cream 0.05% 10g

Rs. 235.13

Rs. 247.51","235.13

 247.51","235.13

 247.51",123
"Bynevol Tablets 10mg (1 Box = 1 Strip)(1 Strip = 14 Tablets)

Rs. 447.30

Rs. 470.80","447.30

 470.80","447.30

 470.80",123
"Artheget-Ez Tablets 80mg+480mg (1 Box = 2 Strips) (1 Strip = 3 Tablets)

Rs. 585.18

Rs. 616.00","585.18

 616.00","585.18

 616.00",123
"Sarcol Tablets 50mg (1 Box = 2 Strips) (1 Strip = 10 Tablets)

Rs. 266.60

Rs. 280.60","266.60

 280.60","266.60

 280.60",123
"Alphagan Eye Drops 0.2% 5ml

Rs. 807.50

Rs. 850.00","807.50

 850.00","807.50

 850.00",123
"Bynevol Tablets 10mg (1 Box = 1 Strip)(1 Strip = 14 Tablets)

Rs. 447.30

Rs. 470.80","447.30

 470.80","447.30

 470.80",123
"Fdl Ringer Infusion 500ml

Rs. 287.79

Rs. 302.94","287.79

 302.94","287.79

 302.94",123
"Spasrid Tablets (1 Box = 3 Strips) (1 Strip = 10 Tablets)

Rs. 427.50

Rs. 450.00","427.50

 450.00","427.50

 450.00",123
"Artheget-Ez Tablets 80mg+480mg (1 Box = 2 Strips) (1 Strip = 3 Tablets)

Rs. 585.18

Rs. 616.00","585.18

 616.00","585.18

 616.00",123
"Tenofo-B Tablets 300mg

Rs. 4,065.90

Rs. 4,280.00","4,065.90

 4,280.00","4,065.90

 4,280.00",123
"Fdl Ringer Infusion 500ml

Rs. 287.79

Rs. 302.94","287.79

 302.94","287.79

 302.94",123
"Cefspan Capsules 400mg (1 Bottle = 5 Capsules)

Rs. 693.50

Rs. 730.00","693.50

 730.00","693.50

 730.00",123
"Artheget-Ez Tablets 80mg+480mg (1 Box = 2 Strips) (1 Strip = 3 Tablets)

Rs. 585.18

Rs. 616.00","585.18

 616.00","585.18

 616.00",123
"Bynevol Tablets 10mg (1 Box = 1 Strip)(1 Strip = 14 Tablets)

Rs. 447.30

Rs. 470.80","447.30

 470.80","447.30

 470.80",123
"Fdl Ringer Infusion 500ml

Rs. 287.79

Rs. 302.94","287.79

 302.94","287.79

 302.94",123
"Calamox Duo 70ml Suspension 400mg/57ml

Rs. 316.64

Rs. 333.31","316.64

 333.31","316.64

 333.31",123
"Progeffik Softgel Capsules 200mg (1 Box = 1 Strip)(1 Strip = 15 Capsules)

Rs. 1,956.30

Rs. 2,059.24","1,956.30

 2,059.24","1,956.30

 2,059.24",124
"Plarvy Cough Syrup 120ml

Rs. 370.50

Rs. 390.00","370.50

 390.00","370.50

 390.00",124
"Artheget-Ez Tablets 80mg+480mg (1 Box = 2 Strips) (1 Strip = 3 Tablets)

Rs. 585.18

Rs. 616.00","585.18

 616.00","585.18

 616.00",124
"Flucon 35ml Suspension 50mg

Rs. 334.42

Rs. 352.02","334.42

 352.02","334.42

 352.02",124
"Sinemet Tablets 25mg/250mg (1 Strip = 10 Tablets)

Rs. 269.30

Rs. 283.52","269.30

 283.52","269.30

 283.52",124
"Sedil Tablets 10mg (1 Box = 3 Strips) (1 Strip = 10 Tablets)

Rs. 288.90

Rs. 304.26","288.90

 304.26","288.90

 304.26",124
"Progeffik Softgel Capsules 200mg (1 Box = 1 Strip)(1 Strip = 15 Capsules)

Rs. 1,956.30

Rs. 2,059.24","1,956.30

 2,059.24","1,956.30

 2,059.24",124
"Persch 30ml Syrup 1mg/Ml

Rs. 503.50

Rs. 530.00","503.50

 530.00","503.50

 530.00",124
"Dermive Urea Lotion 100ml

Rs. 1,004.15

Rs. 1,057.00","1,004.15

 1,057.00","1,004.15

 1,057.00",124
"Tamsolin-S Tablets 0.4mg+6 Mg (1 Strip = 10 Tablets)

Rs. 1,367.10

Rs. 1,439.00","1,367.10

 1,439.00","1,367.10

 1,439.00",124
"Flucon 35ml Suspension 50mg

Rs. 334.42

Rs. 352.02","334.42

 352.02","334.42

 352.02",124
"Persch 30ml Syrup 1mg/Ml

Rs. 503.50

Rs. 530.00","503.50

 530.00","503.50

 530.00",124
"Artheget-Ez Tablets 80mg+480mg (1 Box = 2 Strips) (1 Strip = 3 Tablets)

Rs. 585.18

Rs. 616.00","585.18

 616.00","585.18

 616.00",124
"Fibre One Cereals

Rs. 35.63

Rs. 37.50","35.63

 37.50","35.63

 37.50",124
"Progeffik Softgel Capsules 200mg (1 Box = 1 Strip)(1 Strip = 15 Capsules)

Rs. 1,956.30

Rs. 2,059.24","1,956.30

 2,059.24","1,956.30

 2,059.24",124
"Dermive Urea Lotion 100ml

Rs. 1,004.15

Rs. 1,057.00","1,004.15

 1,057.00","1,004.15

 1,057.00",124
"Artheget-Ez Tablets 80mg+480mg (1 Box = 2 Strips) (1 Strip = 3 Tablets)

Rs. 585.18

Rs. 616.00","585.18

 616.00","585.18

 616.00",125
"Vilanto-U Dpi Capsules 62.5mcg+25mcg (1 Box = 3 Strips) (1 Strip = 10 Capsules)

Rs. 348.30

Rs. 366.67","348.30

 366.67","348.30

 366.67",125
"Flucon 35ml Suspension 50mg

Rs. 334.42

Rs. 352.02","334.42

 352.02","334.42

 352.02",125
"Tracnesan Cream 0.05% 10g

Rs. 235.13

Rs. 247.51","235.13

 247.51","235.13

 247.51",125
"Kleen Enema Rectal Liquid 135ml

Rs. 237.50

Rs. 250.00","237.50

 250.00","237.50

 250.00",125
"Olepra Tablets 10mg (1 Box = 1 Strip)(1 Strip = 10 Tablets)

Rs. 278.40

Rs. 293.00","278.40

 293.00","278.40

 293.00",125
"Calamox Duo 70ml Suspension 400mg/57ml

Rs. 316.64

Rs. 333.31","316.64

 333.31","316.64

 333.31",125
"Tirzee Injection 10mg/0.5ml (1 Box = 1prefilled Pen)

Rs. 9,500.00

Rs. 10,000.00","9,500.00

 10,000.00","9,500.00

 10,000.00",125
"Artheget-Ez Tablets 80mg+480mg (1 Box = 2 Strips) (1 Strip = 3 Tablets)

Rs. 585.18

Rs. 616.00","585.18

 616.00","585.18

 616.00",125
"Melas Cream 15g

Rs. 341.05

Rs. 359.00","341.05

 359.00","341.05

 359.00",125
"Tracnesan Cream 0.05% 10g

Rs. 235.13

Rs. 247.51","235.13

 247.51","235.13

 247.51",125
"Tirzee Injection 10mg/0.5ml (1 Box = 1prefilled Pen)

Rs. 9,500.00

Rs. 10,000.00","9,500.00

 10,000.00","9,500.00

 10,000.00",125
"Flucon 35ml Suspension 50mg

Rs. 334.42

Rs. 352.02","334.42

 352.02","334.42

 352.02",125
"Hair Aid Softgel Capsules (1 Box = 30 Capsules)

Rs. 1,054.50

Rs. 1,110.00","1,054.50

 1,110.00","1,054.50

 1,110.00",125
"Tracnesan Cream 0.05% 10g

Rs. 235.13

Rs. 247.51","235.13

 247.51","235.13

 247.51",125
"Atcomid Tablets 100mg (1 Box = 1 Strip)(1 Strip = 14 Tablets)

Rs. 665.00

Rs. 700.00","665.00

 700.00","665.00

 700.00",125
"Elgozon Tablets 200mg (1 Box = 10 Tablets)

Rs. 247.00

Rs. 260.00","247.00

 260.00","247.00

 260.00",125
"Zentro Tablets 40mg (1 Box = 1 Strip)(1 Strip = 14 Tablets)

Rs. 427.56

Rs. 450.00","427.56

 450.00","427.56

 450.00",126
"Transamin Im/Iv Injection 250mg 5ml (1 Box = 10 Ampoules)

Rs. 24.58

Rs. 25.87","24.58

 25.87","24.58

 25.87",126
"Artheget-Ez Tablets 80mg+480mg (1 Box = 2 Strips) (1 Strip = 3 Tablets)

Rs. 585.18

Rs. 616.00","585.18

 616.00","585.18

 616.00",126
"Artheget-Ez Tablets 80mg+480mg (1 Box = 2 Strips) (1 Strip = 3 Tablets)

Rs. 585.18

Rs. 616.00","585.18

 616.00","585.18

 616.00",126
"Ondaset Tablets 8mg (1 Box = 10 Tablets)

Rs. 379.10

Rs. 399.00","379.10

 399.00","379.10

 399.00",126
"Tenofo-B Tablets 300mg

Rs. 4,065.90

Rs. 4,280.00","4,065.90

 4,280.00","4,065.90

 4,280.00",126
"Artheget-Ez Tablets 80mg+480mg (1 Box = 2 Strips) (1 Strip = 3 Tablets)

Rs. 585.18

Rs. 616.00","585.18

 616.00","585.18

 616.00",126
"Tracnesan Cream 0.05% 10g

Rs. 235.13

Rs. 247.51","235.13

 247.51","235.13

 247.51",126
"Ondaset Tablets 8mg (1 Box = 10 Tablets)

Rs. 379.10

Rs. 399.00","379.10

 399.00","379.10

 399.00",126
"Sinemet Tablets 25mg/250mg (1 Strip = 10 Tablets)

Rs. 269.30

Rs. 283.52","269.30

 283.52","269.30

 283.52",126
"Calamox Ds 90ml Suspension 312.50mg/5ml

Rs. 327.10

Rs. 344.32","327.10

 344.32","327.10

 344.32",126
"Nutrifactor Nuroton Tablets (1 Bottle = 30 Tablets)

Rs. 1,140.00

Rs. 1,200.00","1,140.00

 1,200.00","1,140.00

 1,200.00",126
"Tracnesan Cream 0.05% 10g

Rs. 235.13

Rs. 247.51","235.13

 247.51","235.13

 247.51",126
"Sinemet Tablets 25mg/250mg (1 Strip = 10 Tablets)

Rs. 269.30

Rs. 283.52","269.30

 283.52","269.30

 283.52",126
"Brivace Tablets 50mg (1 Box = 2 Strips) (1 Strip = 7 Tablets)

Rs. 1,309.14

Rs. 1,378.00","1,309.14

 1,378.00","1,309.14

 1,378.00",126
"Flucon 35ml Suspension 50mg

Rs. 334.42

Rs. 352.02","334.42

 352.02","334.42

 352.02",126
"Tracnesan Cream 0.05% 10g

Rs. 235.13

Rs. 247.51","235.13

 247.51","235.13

 247.51",126
"Alphagan Eye Drops 0.2% 5ml

Rs. 807.50

Rs. 850.00","807.50

 850.00","807.50

 850.00",127
"Tracnesan Cream 0.05% 10g

Rs. 235.13

Rs. 247.51","235.13

 247.51","235.13

 247.51",127
"Flucon 35ml Suspension 50mg

Rs. 334.42

Rs. 352.02","334.42

 352.02","334.42

 352.02",127
"Flucon 35ml Suspension 50mg

Rs. 334.42

Rs. 352.02","334.42

 352.02","334.42

 352.02",127
"Eventone-C Cream 30g

Rs. 1,947.50

Rs. 2,050.00","1,947.50

 2,050.00","1,947.50

 2,050.00",127
"Vilanto-U Dpi Capsules 62.5mcg+25mcg (1 Box = 3 Strips) (1 Strip = 10 Capsules)

Rs. 348.30

Rs. 366.67","348.30

 366.67","348.30

 366.67",127
"Atcomid Tablets 100mg (1 Box = 1 Strip)(1 Strip = 14 Tablets)

Rs. 665.00

Rs. 700.00","665.00

 700.00","665.00

 700.00",127
"Tracnesan Cream 0.05% 10g

Rs. 235.13

Rs. 247.51","235.13

 247.51","235.13

 247.51",127
"Tracnesan Cream 0.05% 10g

Rs. 235.13

Rs. 247.51","235.13

 247.51","235.13

 247.51",127
"Vilanto-U Dpi Capsules 62.5mcg+25mcg (1 Box = 3 Strips) (1 Strip = 10 Capsules)

Rs. 348.30

Rs. 366.67","348.30

 366.67","348.30

 366.67",127
"Rupataget Tablets 10mg (1 Box = 2 Strips) (1 Strip = 7 Tablets)

Rs. 166.25

Rs. 175.00","166.25

 175.00","166.25

 175.00",127
"Transamin Im/Iv Injection 250mg 5ml (1 Box = 10 Ampoules)

Rs. 24.58

Rs. 25.87","24.58

 25.87","24.58

 25.87",127
"Artheget-Ez Tablets 80mg+480mg (1 Box = 2 Strips) (1 Strip = 3 Tablets)

Rs. 585.18

Rs. 616.00","585.18

 616.00","585.18

 616.00",127
"Progrel-Ap Tablets 75/75mg (1 Box = 3 Strips) (1 Strip = 10 Tablets)

Rs. 588.00

Rs. 618.96","588.00

 618.96","588.00

 618.96",127
"Plarvy Cough Syrup 120ml

Rs. 370.50

Rs. 390.00","370.50

 390.00","370.50

 390.00",127
"Tracnesan Cream 0.05% 10g

Rs. 235.13

Rs. 247.51","235.13

 247.51","235.13

 247.51",127
"Artheget-Ez Tablets 80mg+480mg (1 Box = 2 Strips) (1 Strip = 3 Tablets)

Rs. 585.18

Rs. 616.00","585.18

 616.00","585.18

 616.00",127
"Nassa Tablets 15mg (1 Strip = 10 Tablets)

Rs. 323.00

Rs. 340.00","323.00

 340.00","323.00

 340.00",127
"Cefaloget 60ml Oral Suspension 250mg/5ml

Rs. 484.50

Rs. 510.00","484.50

 510.00","484.50

 510.00",128
"Progrel-Ap Tablets 75/75mg (1 Box = 3 Strips) (1 Strip = 10 Tablets)

Rs. 588.00

Rs. 618.96","588.00

 618.96","588.00

 618.96",128
"Cefaloget 60ml Oral Suspension 250mg/5ml

Rs. 484.50

Rs. 510.00","484.50

 510.00","484.50

 510.00",128
"Nassa Tablets 15mg (1 Strip = 10 Tablets)

Rs. 323.00

Rs. 340.00","323.00

 340.00","323.00

 340.00",128
"Rupataget Tablets 10mg (1 Box = 2 Strips) (1 Strip = 7 Tablets)

Rs. 166.25

Rs. 175.00","166.25

 175.00","166.25

 175.00",128
"Genticyn Eye/Ear Drops 7.5ml

Rs. 46.29

Rs. 48.73","46.29

 48.73","46.29

 48.73",128
"Atcomid Tablets 100mg (1 Box = 1 Strip)(1 Strip = 14 Tablets)

Rs. 665.00

Rs. 700.00","665.00

 700.00","665.00

 700.00",128
"Artheget-Ez Tablets 80mg+480mg (1 Box = 2 Strips) (1 Strip = 3 Tablets)

Rs. 585.18

Rs. 616.00","585.18

 616.00","585.18

 616.00",128
"Cefaloget 60ml Oral Suspension 250mg/5ml

Rs. 484.50

Rs. 510.00","484.50

 510.00","484.50

 510.00",128
"Progrel-Ap Tablets 75/75mg (1 Box = 3 Strips) (1 Strip = 10 Tablets)

Rs. 588.00

Rs. 618.96","588.00

 618.96","588.00

 618.96",128
"Genticyn Eye/Ear Drops 7.5ml

Rs. 46.29

Rs. 48.73","46.29

 48.73","46.29

 48.73",128
"Rupataget Tablets 10mg (1 Box = 2 Strips) (1 Strip = 7 Tablets)

Rs. 166.25

Rs. 175.00","166.25

 175.00","166.25

 175.00",128
"Spasrid Tablets (1 Box = 3 Strips) (1 Strip = 10 Tablets)

Rs. 427.50

Rs. 450.00","427.50

 450.00","427.50

 450.00",128
"Aprovel Tablets 150mg (1 Strip = 14 Tablets)

Rs. 270.48

Rs. 284.76","270.48

 284.76","270.48

 284.76",128
"Flucon 35ml Suspension 50mg

Rs. 334.42

Rs. 352.02","334.42

 352.02","334.42

 352.02",128
"Healthaid Osteovit-D Calcium Plus Tablets (1 Box = 30 Tablets)

Rs. 1,681.50

Rs. 1,770.00","1,681.50

 1,770.00","1,681.50

 1,770.00",128
"Kleen Enema Rectal Liquid 135ml

Rs. 237.50

Rs. 250.00","237.50

 250.00","237.50

 250.00",128
"Spasrid Tablets (1 Box = 3 Strips) (1 Strip = 10 Tablets)

Rs. 427.50

Rs. 450.00","427.50

 450.00","427.50

 450.00",128
"Aprovel Tablets 150mg (1 Strip = 14 Tablets)

Rs. 270.48

Rs. 284.76","270.48

 284.76","270.48

 284.76",129
"Kleen Enema Rectal Liquid 135ml

Rs. 237.50

Rs. 250.00","237.50

 250.00","237.50

 250.00",129
"Spasrid Tablets (1 Box = 3 Strips) (1 Strip = 10 Tablets)

Rs. 427.50

Rs. 450.00","427.50

 450.00","427.50

 450.00",129
"Myteka Tablets 10mg (1 Strip = 7 Tablets)

Rs. 263.62

Rs. 277.50","263.62

 277.50","263.62

 277.50",129
"Novelink Capsules 500mg (1 Strip = 6 Capsules)

Rs. 163.86

Rs. 172.50","163.86

 172.50","163.86

 172.50",129
"Aprovel Tablets 150mg (1 Strip = 14 Tablets)

Rs. 270.48

Rs. 284.76","270.48

 284.76","270.48

 284.76",129
"Flucon 35ml Suspension 50mg

Rs. 334.42

Rs. 352.02","334.42

 352.02","334.42

 352.02",129
"Artheget-Ez Tablets 80mg+480mg (1 Box = 2 Strips) (1 Strip = 3 Tablets)

Rs. 585.18

Rs. 616.00","585.18

 616.00","585.18

 616.00",129
"Tenofo-B Tablets 300mg

Rs. 4,065.90

Rs. 4,280.00","4,065.90

 4,280.00","4,065.90

 4,280.00",129
"Synalar-C Cream 5g

Rs. 142.50

Rs. 150.00","142.50

 150.00","142.50

 150.00",129
"Hytrin Tablets 5mg (1 Strip = 10 Tablets)

Rs. 845.70

Rs. 890.22","845.70

 890.22","845.70

 890.22",129
"Kleen Enema Rectal Liquid 135ml

Rs. 341.05

Rs. 359.00","341.05

 359.00","341.05

 359.00",129
"Artheget-Ez Tablets 80mg+480mg (1 Box = 2 Strips) (1 Strip = 3 Tablets)

Rs. 585.18

Rs. 616.00","585.18

 616.00","585.18

 616.00",129
"Tenofo-B Tablets 300mg

Rs. 4,065.90

Rs. 4,280.00","4,065.90

 4,280.00","4,065.90

 4,280.00",129
"Synalar-C Cream 5g

Rs. 142.50

Rs. 150.00","142.50

 150.00","142.50

 150.00",129
"Hytrin Tablets 5mg (1 Strip = 10 Tablets)

Rs. 845.70

Rs. 890.22","845.70

 890.22","845.70

 890.22",129
"Ondaset Tablets 8mg (1 Box = 10 Tablets)

Rs. 379.10

Rs. 399.00","379.10

 399.00","379.10

 399.00",129
"Healthaid Osteovit-D Calcium Plus Tablets (1 Box = 30 Tablets)

Rs. 1,681.50

Rs. 1,770.00","1,681.50

 1,770.00","1,681.50

 1,770.00",129
"Dicloran Topical Gel 30g

Rs. 242.25

Rs. 255.00","242.25

 255.00","242.25

 255.00",130
"Tirzee Injection 10mg/0.5ml (1 Box = 1prefilled Pen)

Rs. 9,500.00

Rs. 10,000.00","9,500.00

 10,000.00","9,500.00

 10,000.00",130
"Genticyn Eye/Ear Drops 7.5ml

Rs. 46.29

Rs. 48.73","46.29

 48.73","46.29

 48.73",130
"Sinemet Tablets 25mg/250mg (1 Strip = 10 Tablets)

Rs. 269.30

Rs. 283.52","269.30

 283.52","269.30

 283.52",130
"Vilanto-U Dpi Capsules 62.5mcg+25mcg (1 Box = 3 Strips) (1 Strip = 10 Capsules)

Rs. 348.30

Rs. 366.67","348.30

 366.67","348.30

 366.67",130
"Artheget-Ez Tablets 80mg+480mg (1 Box = 2 Strips) (1 Strip = 3 Tablets)

Rs. 585.18

Rs. 616.00","585.18

 616.00","585.18

 616.00",130
"Flucon 35ml Suspension 50mg

Rs. 334.42

Rs. 352.02","334.42

 352.02","334.42

 352.02",130
"Rupataget Tablets 10mg (1 Box = 2 Strips) (1 Strip = 7 Tablets)

Rs. 166.25

Rs. 175.00","166.25

 175.00","166.25

 175.00",130
"Aprovel Tablets 150mg (1 Strip = 14 Tablets)

Rs. 270.48

Rs. 284.76","270.48

 284.76","270.48

 284.76",130
"Flucon 35ml Suspension 50mg

Rs. 334.42

Rs. 352.02","334.42

 352.02","334.42

 352.02",130
"Artheget-Ez Tablets 80mg+480mg (1 Box = 2 Strips) (1 Strip = 3 Tablets)

Rs. 585.18

Rs. 616.00","585.18

 616.00","585.18

 616.00",130
"Artheget-Ez Tablets 80mg+480mg (1 Box = 2 Strips) (1 Strip = 3 Tablets)

Rs. 585.18

Rs. 616.00","585.18

 616.00","585.18

 616.00",130
"Aloc Capsules 60mg (1 Box = 1 Strip)(1 Strip = 10 Capsules)

Rs. 171.00

Rs. 180.00","171.00

 180.00","171.00

 180.00",130
"Ondaset Tablets 8mg (1 Box = 10 Tablets)

Rs. 379.10

Rs. 399.00","379.10

 399.00","379.10

 399.00",130
"Iroxide-F Tablets 100mg + 0.35mg (1 Box = 3 Strips) (1 Strip = 10 Tablets)

Rs. 107.70

Rs. 113.33","107.70

 113.33","107.70

 113.33",130
"Dicloran Topical Gel 30g

Rs. 242.25

Rs. 255.00","242.25

 255.00","242.25

 255.00",130
"Vilanto-U Dpi Capsules 62.5mcg+25mcg (1 Box = 3 Strips) (1 Strip = 10 Capsules)

Rs. 348.30

Rs. 366.67","348.30

 366.67","348.30

 366.67",130
"Kleen Enema Rectal Liquid 135ml

Rs. 237.50

Rs. 250.00","237.50

 250.00","237.50

 250.00",130
"Diajard-M Tablets 5/500mg (1 Box = 2 Strips) (1 Strip = 7 Tablets)

Rs. 266.00

Rs. 280.00","266.00

 280.00","266.00

 280.00",131
"Iroxide-F Tablets 100mg + 0.35mg (1 Box = 3 Strips) (1 Strip = 10 Tablets)

Rs. 107.70

Rs. 113.33","107.70

 113.33","107.70

 113.33",131
"Platrid Tablets 75mg (1 Box = 1 Strip)(1 Strip = 10 Tablets)

Rs. 204.30

Rs. 215.00","204.30

 215.00","204.30

 215.00",131
"Sinemet Tablets 25mg/250mg (1 Strip = 10 Tablets)

Rs. 269.30

Rs. 283.52","269.30

 283.52","269.30

 283.52",131
"Ondaset Tablets 8mg (1 Box = 10 Tablets)

Rs. 379.10

Rs. 399.00","379.10

 399.00","379.10

 399.00",131
"Ondaset Tablets 8mg (1 Box = 10 Tablets)

Rs. 379.10

Rs. 399.00","379.10

 399.00","379.10

 399.00",131
"Tracnesan Cream 0.05% 10g

Rs. 235.13

Rs. 247.51","235.13

 247.51","235.13

 247.51",131
"Vilanto-U Dpi Capsules 62.5mcg+25mcg (1 Box = 3 Strips) (1 Strip = 10 Capsules)

Rs. 348.30

Rs. 366.67","348.30

 366.67","348.30

 366.67",131
"Empagen Trio Tablets 12.5mg/2.5mg/1000mg (1 Box = 2 Strips) (1 Strip = 7 Tablets)

Rs. 133.00

Rs. 140.00","133.00

 140.00","133.00

 140.00",131
"Flucon 35ml Suspension 50mg

Rs. 334.42

Rs. 352.02","334.42

 352.02","334.42

 352.02",131
"Ondaset Tablets 8mg (1 Box = 10 Tablets)

Rs. 379.10

Rs. 399.00","379.10

 399.00","379.10

 399.00",131
"Genticyn Im/Iv Injection 40mg (1 Box = 3 Ampoules)

Rs. 109.38

Rs. 115.14","109.38

 115.14","109.38

 115.14",131
"Rupataget Tablets 10mg (1 Box = 2 Strips) (1 Strip = 7 Tablets)

Rs. 166.25

Rs. 175.00","166.25

 175.00","166.25

 175.00",131
"Sem-O Tablets 3mg (1 Box = 2 Strips) (1 Strip = 7 Tablets)

Rs. 1,163.75

Rs. 1,225.00","1,163.75

 1,225.00","1,163.75

 1,225.00",131
"Transamin Im/Iv Injection 250mg 5ml (1 Box = 10 Ampoules)

Rs. 24.58

Rs. 25.87","24.58

 25.87","24.58

 25.87",131
"Sinemet Tablets 25mg/250mg (1 Strip = 10 Tablets)

Rs. 269.30

Rs. 283.52","269.30

 283.52","269.30

 283.52",131
"Vilanto-U Dpi Capsules 62.5mcg+25mcg (1 Box = 3 Strips) (1 Strip = 10 Capsules)

Rs. 348.30

Rs. 366.67","348.30

 366.67","348.30

 366.67",131
"Healthaid Osteovit-D Calcium Plus Tablets (1 Box = 30 Tablets)

Rs. 1,681.50

Rs. 1,770.00","1,681.50

 1,770.00","1,681.50

 1,770.00",131
"Multibionta Injection 10ml (1 Box = 5 Ampoules)

Rs. 4,065.90

Rs. 4,280.00","4,065.90

 4,280.00","4,065.90

 4,280.00",132
"Artheget-Ez Tablets 80mg+480mg (1 Box = 2 Strips) (1 Strip = 3 Tablets)

Rs. 585.18

Rs. 616.00","585.18

 616.00","585.18

 616.00",132
"Klaricid 60ml Suspension 125mg/5ml

Rs. 549.64

Rs. 578.57","549.64

 578.57","549.64

 578.57",132
"D-Calcium Tablets (1 Strip = 10 Tablets)

Rs. 150.40

Rs. 158.33","150.40

 158.33","150.40

 158.33",132
"Calamox Ds 90ml Suspension 312.50mg/5ml

Rs. 327.10

Rs. 344.32","327.10

 344.32","327.10

 344.32",132
"Funge Tablets 250mg (1 Box = 2 Strips) (1 Strip = 5 Tablets)

Rs. 760.00

Rs. 800.00","760.00

 800.00","760.00

 800.00",132
"Photonic Anti-Dandruf Shampoo 120ml

Rs. 980.69

Rs. 1,032.30","980.69

 1,032.30","980.69

 1,032.30",132
"Nutrifactor Nuroton Tablets (1 Bottle = 30 Tablets)

Rs. 1,140.00

Rs. 1,200.00","1,140.00

 1,200.00","1,140.00

 1,200.00",132
"Fibre One Cereals

Rs. 356.30

Rs. 375.00","356.30

 375.00","356.30

 375.00",132
"Rupataget Tablets 10mg (1 Box = 2 Strips) (1 Strip = 7 Tablets)

Rs. 166.25

Rs. 175.00","166.25

 175.00","166.25

 175.00",132
"Kleen Enema Rectal Liquid 135ml

Rs. 237.50

Rs. 250.00","237.50

 250.00","237.50

 250.00",132
"Vilanto-U Dpi Capsules 62.5mcg+25mcg (1 Box = 3 Strips) (1 Strip = 10 Capsules)

Rs. 348.30

Rs. 366.67","348.30

 366.67","348.30

 366.67",132
"Klaricid 60ml Suspension 125mg/5ml

Rs. 549.64

Rs. 578.57","549.64

 578.57","549.64

 578.57",132
"Rupataget Tablets 10mg (1 Box = 2 Strips) (1 Strip = 7 Tablets)

Rs. 166.25

Rs. 175.00","166.25

 175.00","166.25

 175.00",132
"Ondaset Tablets 8mg (1 Box = 10 Tablets)

Rs. 379.10

Rs. 399.00","379.10

 399.00","379.10

 399.00",132
"Brivace Tablets 50mg (1 Box = 2 Strips) (1 Strip = 7 Tablets)

Rs. 1,309.14

Rs. 1,378.00","1,309.14

 1,378.00","1,309.14

 1,378.00",132
"Tirzee Injection 10mg/0.5ml (1 Box = 1prefilled Pen)

Rs. 9,500.00

Rs. 10,000.00","9,500.00

 10,000.00","9,500.00

 10,000.00",132
"Elgozon Tablets 200mg (1 Box = 10 Tablets)

Rs. 247.00

Rs. 260.00","247.00

 260.00","247.00

 260.00",132
"Flucon 35ml Suspension 50mg

Rs. 334.42

Rs. 352.02","334.42

 352.02","334.42

 352.02",133
"Rupataget Tablets 10mg (1 Box = 2 Strips) (1 Strip = 7 Tablets)

Rs. 166.25

Rs. 175.00","166.25

 175.00","166.25

 175.00",133
"Artheget-Ez Tablets 80mg+480mg (1 Box = 2 Strips) (1 Strip = 3 Tablets)

Rs. 585.18

Rs. 616.00","585.18

 616.00","585.18

 616.00",133
"Artheget-Ez Tablets 80mg+480mg (1 Box = 2 Strips) (1 Strip = 3 Tablets)

Rs. 585.18

Rs. 616.00","585.18

 616.00","585.18

 616.00",133
"Iroxide-F Tablets 100mg + 0.35mg (1 Box = 3 Strips) (1 Strip = 10 Tablets)

Rs. 107.70

Rs. 113.33","107.70

 113.33","107.70

 113.33",133
"Kleen Enema Rectal Liquid 135ml

Rs. 237.50

Rs. 250.00","237.50

 250.00","237.50

 250.00",133
"Artheget-Ez Tablets 80mg+480mg (1 Box = 2 Strips) (1 Strip = 3 Tablets)

Rs. 585.18

Rs. 616.00","585.18

 616.00","585.18

 616.00",133
"Artheget-Ez Tablets 80mg+480mg (1 Box = 2 Strips) (1 Strip = 3 Tablets)

Rs. 585.18

Rs. 616.00","585.18

 616.00","585.18

 616.00",133
"Elgozon Tablets 200mg (1 Box = 10 Tablets)

Rs. 247.00

Rs. 260.00","247.00

 260.00","247.00

 260.00",133
"Klaricid 60ml Suspension 125mg/5ml

Rs. 549.64

Rs. 578.57","549.64

 578.57","549.64

 578.57",133
"Ondaset Tablets 8mg (1 Box = 10 Tablets)

Rs. 379.10

Rs. 399.00","379.10

 399.00","379.10

 399.00",133
"Empagen Trio Tablets 12.5mg/2.5mg/1000mg (1 Box = 2 Strips) (1 Strip = 7 Tablets)

Rs. 133.00

Rs. 140.00","133.00

 140.00","133.00

 140.00",133
"Kleen Enema Rectal Liquid 135ml

Rs. 237.50

Rs. 250.00","237.50

 250.00","237.50

 250.00",133
"Transamin Im/Iv Injection 250mg 5ml (1 Box = 10 Ampoules)

Rs. 24.58

Rs. 25.87","24.58

 25.87","24.58

 25.87",133
"Sinemet Tablets 25mg/250mg (1 Strip = 10 Tablets)

Rs. 269.30

Rs. 283.52","269.30

 283.52","269.30

 283.52",133
"Sinemet Tablets 25mg/250mg (1 Strip = 10 Tablets)

Rs. 269.30

Rs. 283.52","269.30

 283.52","269.30

 283.52",133
"Aprovel Tablets 150mg (1 Strip = 14 Tablets)

Rs. 270.48

Rs. 284.76","270.48

 284.76","270.48

 284.76",133
"Dicloran Topical Gel 30g

Rs. 242.25

Rs. 255.00","242.25

 255.00","242.25

 255.00",134
"Sinemet Tablets 25mg/250mg (1 Strip = 10 Tablets)

Rs. 269.30

Rs. 283.52","269.30

 283.52","269.30

 283.52",134
"Plarvy Cough Syrup 120ml

Rs. 370.50

Rs. 390.00","370.50

 390.00","370.50

 390.00",134
"Nassa Tablets 15mg (1 Strip = 10 Tablets)

Rs. 323.00

Rs. 340.00","323.00

 340.00","323.00

 340.00",134
"Flucon 35ml Suspension 50mg

Rs. 334.42

Rs. 352.02","334.42

 352.02","334.42

 352.02",134
"Persch 30ml Syrup 1mg/Ml

Rs. 503.50

Rs. 530.00","503.50

 530.00","503.50

 530.00",134
"Sinemet Tablets 25mg/250mg (1 Strip = 10 Tablets)

Rs. 269.30

Rs. 283.52","269.30

 283.52","269.30

 283.52",134
"Flucon 35ml Suspension 50mg

Rs. 334.42

Rs. 352.02","334.42

 352.02","334.42

 352.02",134
"Transamin Im/Iv Injection 250mg 5ml (1 Box = 10 Ampoules)

Rs. 24.58

Rs. 25.87","24.58

 25.87","24.58

 25.87",134
"Plarvy Cough Syrup 120ml

Rs. 370.50

Rs. 390.00","370.50

 390.00","370.50

 390.00",134
"Multical-1000 Sachets (1 Box = 10 Sachets)

Rs. 23.75

Rs. 25.00","23.75

 25.00","23.75

 25.00",134
"Vilanto-U Dpi Capsules 62.5mcg+25mcg (1 Box = 3 Strips) (1 Strip = 10 Capsules)

Rs. 348.30

Rs. 366.67","348.30

 366.67","348.30

 366.67",134
"Dicloran Topical Gel 30g

Rs. 242.25

Rs. 255.00","242.25

 255.00","242.25

 255.00",134
"Aprovel Tablets 150mg (1 Strip = 14 Tablets)

Rs. 270.48

Rs. 284.76","270.48

 284.76","270.48

 284.76",134
"Vilanto-U Dpi Capsules 62.5mcg+25mcg (1 Box = 3 Strips) (1 Strip = 10 Capsules)

Rs. 348.30

Rs. 366.67","348.30

 366.67","348.30

 366.67",134
"Persch 30ml Syrup 1mg/Ml

Rs. 503.50

Rs. 530.00","503.50

 530.00","503.50

 530.00",134
"Kleen Enema Rectal Liquid 135ml

Rs. 237.50

Rs. 250.00","237.50

 250.00","237.50

 250.00",134
"Sem-O Tablets 3mg (1 Box = 2 Strips) (1 Strip = 7 Tablets)

Rs. 1,163.75

Rs. 1,225.00","1,163.75

 1,225.00","1,163.75

 1,225.00",134
"Fibre One Cereals

Rs. 35.63

Rs. 37.50","35.63

 37.50","35.63

 37.50",135
"Dicloran Topical Gel 30g

Rs. 242.25

Rs. 255.00","242.25

 255.00","242.25

 255.00",135
"Flucon 35ml Suspension 50mg

Rs. 334.42

Rs. 352.02","334.42

 352.02","334.42

 352.02",135
"Artheget-Ez Tablets 80mg+480mg (1 Box = 2 Strips) (1 Strip = 3 Tablets)

Rs. 585.18

Rs. 616.00","585.18

 616.00","585.18

 616.00",135
"Transamin Im/Iv Injection 250mg 5ml (1 Box = 10 Ampoules)

Rs. 24.58

Rs. 25.87","24.58

 25.87","24.58

 25.87",135
"Klaricid 60ml Suspension 125mg/5ml

Rs. 549.64

Rs. 578.57","549.64

 578.57","549.64

 578.57",135
"Ondaset Tablets 8mg (1 Box = 10 Tablets)

Rs. 379.10

Rs. 399.00","379.10

 399.00","379.10

 399.00",135
"Plarvy Cough Syrup 120ml

Rs. 370.50

Rs. 390.00","370.50

 390.00","370.50

 390.00",135
"Artheget-Ez Tablets 80mg+480mg (1 Box = 2 Strips) (1 Strip = 3 Tablets)

Rs. 585.18

Rs. 616.00","585.18

 616.00","585.18

 616.00",135
"Rupataget Tablets 10mg (1 Box = 2 Strips) (1 Strip = 7 Tablets)

Rs. 166.25

Rs. 175.00","166.25

 175.00","166.25

 175.00",135
"Klaricid 60ml Suspension 125mg/5ml

Rs. 549.64

Rs. 578.57","549.64

 578.57","549.64

 578.57",135
"Dicloran Topical Gel 30g

Rs. 242.25

Rs. 255.00","242.25

 255.00","242.25

 255.00",135
"Dicloran Topical Gel 30g

Rs. 242.25

Rs. 255.00","242.25

 255.00","242.25

 255.00",135
"Dicloran Topical Gel 30g

Rs. 242.25

Rs. 255.00","242.25

 255.00","242.25

 255.00",135
"Flucon 35ml Suspension 50mg

Rs. 334.42

Rs. 352.02","334.42

 352.02","334.42

 352.02",135
"Kleen Enema Rectal Liquid 135ml

Rs. 237.50

Rs. 250.00","237.50

 250.00","237.50

 250.00",135
"Rupataget Tablets 10mg (1 Box = 2 Strips) (1 Strip = 7 Tablets)

Rs. 166.25

Rs. 175.00","166.25

 175.00","166.25

 175.00",135
"Flucon 35ml Suspension 50mg

Rs. 334.42

Rs. 352.02","334.42

 352.02","334.42

 352.02",136
"Vilanto-U Dpi Capsules 62.5mcg+25mcg (1 Box = 3 Strips) (1 Strip = 10 Capsules)

Rs. 348.30

Rs. 366.67","348.30

 366.67","348.30

 366.67",136
"Sinemet Tablets 25mg/250mg (1 Strip = 10 Tablets)

Rs. 269.30

Rs. 283.52","269.30

 283.52","269.30

 283.52",136
"Flucon 35ml Suspension 50mg

Rs. 334.42

Rs. 352.02","334.42

 352.02","334.42

 352.02",136
"Platrid Tablets 75mg (1 Box = 1 Strip)(1 Strip = 10 Tablets)

Rs. 204.30

Rs. 215.00","204.30

 215.00","204.30

 215.00",136
"Crestat Tablets 10mg (1 Box = 1 Strip)(1 Strip = 10 Tablets)

Rs. 456.10

Rs. 480.11","456.10

 480.11","456.10

 480.11",136
"Getfil Tablets 50mg (1 Box = 4 Tablets)

Rs. 380.00

Rs. 400.00","380.00

 400.00","380.00

 400.00",136
"Vilanto-U Dpi Capsules 62.5mcg+25mcg (1 Box = 3 Strips) (1 Strip = 10 Capsules)

Rs. 348.30

Rs. 366.67","348.30

 366.67","348.30

 366.67",136
"Sinemet Tablets 25mg/250mg (1 Strip = 10 Tablets)

Rs. 269.30

Rs. 283.52","269.30

 283.52","269.30

 283.52",136
"Plarvy Cough Syrup 120ml

Rs. 370.50

Rs. 390.00","370.50

 390.00","370.50

 390.00",136
"Dicloran Topical Gel 30g

Rs. 242.25

Rs. 255.00","242.25

 255.00","242.25

 255.00",136
"Crestat Tablets 10mg (1 Box = 1 Strip)(1 Strip = 10 Tablets)

Rs. 456.10

Rs. 480.11","456.10

 480.11","456.10

 480.11",136
"Sinemet Tablets 25mg/250mg (1 Strip = 10 Tablets)

Rs. 269.30

Rs. 283.52","269.30

 283.52","269.30

 283.52",136
"Ondaset Tablets 8mg (1 Box = 10 Tablets)

Rs. 379.10

Rs. 399.00","379.10

 399.00","379.10

 399.00",136
"Dicloran Topical Gel 30g

Rs. 242.25

Rs. 255.00","242.25

 255.00","242.25

 255.00",136
"Tirzee Injection 10mg/0.5ml (1 Box = 1prefilled Pen)

Rs. 9,500.00

Rs. 10,000.00","9,500.00

 10,000.00","9,500.00

 10,000.00",136
"Sacvin Tablets 49mg/51mg (1 Strip = 10 Tablets)

Rs. 726.40

Rs. 764.68","726.40

 764.68","726.40

 764.68",136
"Elgozon Tablets 200mg (1 Box = 10 Tablets)

Rs. 247.00

Rs. 260.00","247.00

 260.00","247.00

 260.00",136
"Flucon 35ml Suspension 50mg

Rs. 334.42

Rs. 352.02","334.42

 352.02","334.42

 352.02",137
"Aprovel Tablets 150mg (1 Strip = 14 Tablets)

Rs. 270.48

Rs. 284.76","270.48

 284.76","270.48

 284.76",137
"Flucon 35ml Suspension 50mg

Rs. 334.42

Rs. 352.02","334.42

 352.02","334.42

 352.02",137
"Calamox Ds 90ml Suspension 312.50mg/5ml

Rs. 327.10

Rs. 344.32","327.10

 344.32","327.10

 344.32",137
"Elgozon Tablets 200mg (1 Box = 10 Tablets)

Rs. 247.00

Rs. 260.00","247.00

 260.00","247.00

 260.00",137
"Sinemet Tablets 25mg/250mg (1 Strip = 10 Tablets)

Rs. 269.30

Rs. 283.52","269.30

 283.52","269.30

 283.52",137
"Flucon 35ml Suspension 50mg

Rs. 334.42

Rs. 352.02","334.42

 352.02","334.42

 352.02",137
"Vilanto-U Dpi Capsules 62.5mcg+25mcg (1 Box = 3 Strips) (1 Strip = 10 Capsules)

Rs. 348.30

Rs. 366.67","348.30

 366.67","348.30

 366.67",137
"Flucon 35ml Suspension 50mg

Rs. 334.42

Rs. 352.02","334.42

 352.02","334.42

 352.02",137
"Calamox Ds 90ml Suspension 312.50mg/5ml

Rs. 327.10

Rs. 344.32","327.10

 344.32","327.10

 344.32",137
"Sacvin Tablets 49mg/51mg (1 Strip = 10 Tablets)

Rs. 726.40

Rs. 764.68","726.40

 764.68","726.40

 764.68",137
"Flucon 35ml Suspension 50mg

Rs. 334.42

Rs. 352.02","334.42

 352.02","334.42

 352.02",137
"Calamox Ds 90ml Suspension 312.50mg/5ml

Rs. 327.10

Rs. 344.32","327.10

 344.32","327.10

 344.32",137
"Vilanto-U Dpi Capsules 62.5mcg+25mcg (1 Box = 3 Strips) (1 Strip = 10 Capsules)

Rs. 348.30

Rs. 366.67","348.30

 366.67","348.30

 366.67",137
"Sacvin Tablets 49mg/51mg (1 Strip = 10 Tablets)

Rs. 726.40

Rs. 764.68","726.40

 764.68","726.40

 764.68",137
"Calamox Ds 90ml Suspension 312.50mg/5ml

Rs. 327.10

Rs. 344.32","327.10

 344.32","327.10

 344.32",137
"Crestat Ez Tablets 20mg/10mg (1 Box = 1 Strip) (1 Strip = 10 Tablets)

Rs. 647.00

Rs. 681.10","647.00

 681.10","647.00

 681.10",137
"Sinemet Tablets 25mg/250mg (1 Strip = 10 Tablets)

Rs. 269.30

Rs. 283.52","269.30

 283.52","269.30

 283.52",137
"Flucon 35ml Suspension 50mg

Rs. 334.42

Rs. 352.02","334.42

 352.02","334.42

 352.02",138
"Iroxide-F Tablets 100mg + 0.35mg (1 Box = 3 Strips) (1 Strip = 10 Tablets)

Rs. 107.70

Rs. 113.33","107.70

 113.33","107.70

 113.33",138
"Iroxide-F Tablets 100mg + 0.35mg (1 Box = 3 Strips) (1 Strip = 10 Tablets)

Rs. 107.70

Rs. 113.33","107.70

 113.33","107.70

 113.33",138
"Plarvy Cough Syrup 120ml

Rs. 370.50

Rs. 390.00","370.50

 390.00","370.50

 390.00",138
"Iroxide-F Tablets 100mg + 0.35mg (1 Box = 3 Strips) (1 Strip = 10 Tablets)

Rs. 107.70

Rs. 113.33","107.70

 113.33","107.70

 113.33",138
"Flucon 35ml Suspension 50mg

Rs. 334.42

Rs. 352.02","334.42

 352.02","334.42

 352.02",138
"Artheget-Ez Tablets 80mg+480mg (1 Box = 2 Strips) (1 Strip = 3 Tablets)

Rs. 585.18

Rs. 616.00","585.18

 616.00","585.18

 616.00",138
"Empagen Trio Tablets 12.5mg/2.5mg/1000mg (1 Box = 2 Strips) (1 Strip = 7 Tablets)

Rs. 133.00

Rs. 140.00","133.00

 140.00","133.00

 140.00",138
"Fibre One Cereals

Rs. 35.63

Rs. 37.50","35.63

 37.50","35.63

 37.50",138
"Plarvy Cough Syrup 120ml

Rs. 370.50

Rs. 390.00","370.50

 390.00","370.50

 390.00",138
"Artheget-Ez Tablets 80mg+480mg (1 Box = 2 Strips) (1 Strip = 3 Tablets)

Rs. 585.18

Rs. 616.00","585.18

 616.00","585.18

 616.00",138
"Elgozon Tablets 200mg (1 Box = 10 Tablets)

Rs. 247.00

Rs. 260.00","247.00

 260.00","247.00

 260.00",138
"Vilanto-U Dpi Capsules 62.5mcg+25mcg (1 Box = 3 Strips) (1 Strip = 10 Capsules)

Rs. 348.30

Rs. 366.67","348.30

 366.67","348.30

 366.67",138
"Destina Tablets 5mg (1 Box = 1 Strip)(1 Strip = 10 Tablets)

Rs. 299.30

Rs. 315.00","299.30

 315.00","299.30

 315.00",138
"Transamin Im/Iv Injection 250mg 5ml (1 Box = 10 Ampoules)

Rs. 24.58

Rs. 25.87","24.58

 25.87","24.58

 25.87",138
"Tenofo-B Tablets 300mg

Rs. 4,065.90

Rs. 4,280.00","4,065.90

 4,280.00","4,065.90

 4,280.00",138
"Destina Tablets 5mg (1 Box = 1 Strip)(1 Strip = 10 Tablets)

Rs. 299.30

Rs. 315.00","299.30

 315.00","299.30

 315.00",138
"Transamin Im/Iv Injection 250mg 5ml (1 Box = 10 Ampoules)

Rs. 24.58

Rs. 25.87","24.58

 25.87","24.58

 25.87",138
"Transamin Im/Iv Injection 250mg 5ml (1 Box = 10 Ampoules)

Rs. 24.58

Rs. 25.87","24.58

 25.87","24.58

 25.87",139
"Genticyn Eye/Ear Drops 7.5ml

Rs. 46.29

Rs. 48.73","46.29

 48.73","46.29

 48.73",139
"Transamin Im/Iv Injection 250mg 5ml (1 Box = 10 Ampoules)

Rs. 24.58

Rs. 25.87","24.58

 25.87","24.58

 25.87",139
"Sangobion Capsules (1 Strip = 10 Capsules)

Rs. 346.75

Rs. 364.99","346.75

 364.99","346.75

 364.99",139
"Multibionta Injection 10ml (1 Box = 5 Ampoules)

Rs. 4,065.90

Rs. 4,280.00","4,065.90

 4,280.00","4,065.90

 4,280.00",139
"Artheget-Ez Tablets 80mg+480mg (1 Box = 2 Strips) (1 Strip = 3 Tablets)

Rs. 585.18

Rs. 616.00","585.18

 616.00","585.18

 616.00",139
"Misty Oil 30ml

Rs. 1,805.00

Rs. 1,900.00","1,805.00

 1,900.00","1,805.00

 1,900.00",139
"Flucon 35ml Suspension 50mg

Rs. 334.42

Rs. 352.02","334.42

 352.02","334.42

 352.02",139
"Transamin Im/Iv Injection 250mg 5ml (1 Box = 10 Ampoules)

Rs. 24.58

Rs. 25.87","24.58

 25.87","24.58

 25.87",139
"Funge Tablets 250mg (1 Box = 2 Strips) (1 Strip = 5 Tablets)

Rs. 760.00

Rs. 800.00","760.00

 800.00","760.00

 800.00",139
"Atcomid Tablets 100mg (1 Box = 1 Strip)(1 Strip = 14 Tablets)

Rs. 665.00

Rs. 700.00","665.00

 700.00","665.00

 700.00",139
"Misty Oil 30ml

Rs. 1,805.00

Rs. 1,900.00","1,805.00

 1,900.00","1,805.00

 1,900.00",139
"Photonic Anti-Dandruf Shampoo 120ml

Rs. 980.69

Rs. 1,032.30","980.69

 1,032.30","980.69

 1,032.30",139
"Flucon 35ml Suspension 50mg

Rs. 334.42

Rs. 352.02","334.42

 352.02","334.42

 352.02",139
"Spasrid Tablets (1 Box = 3 Strips) (1 Strip = 10 Tablets)

Rs. 427.50

Rs. 450.00","427.50

 450.00","427.50

 450.00",139
"Atcomid Tablets 100mg (1 Box = 1 Strip)(1 Strip = 14 Tablets)

Rs. 665.00

Rs. 700.00","665.00

 700.00","665.00

 700.00",139
"Gvia-M Tablets 50mg/1000mg (1 Strip = 7 Tablets)

Rs. 259.35

Rs. 273.00","259.35

 273.00","259.35

 273.00",139
"Artheget-Ez Tablets 80mg+480mg (1 Box = 2 Strips) (1 Strip = 3 Tablets)

Rs. 585.18

Rs. 616.00","585.18

 616.00","585.18

 616.00",139
"Healthaid Zinc Sulphate Tablets 200mg (1 Box = 90 Tablets)

Rs. 2,802.50

Rs. 2,950.00","2,802.50

 2,950.00","2,802.50

 2,950.00",140
"Artheget-Ez Tablets 80mg+480mg (1 Box = 2 Strips) (1 Strip = 3 Tablets)

Rs. 585.18

Rs. 616.00","585.18

 616.00","585.18

 616.00",140
"Ondaset Tablets 8mg (1 Box = 10 Tablets)

Rs. 379.10

Rs. 399.00","379.10

 399.00","379.10

 399.00",140
"Gvia-M Tablets 50mg/1000mg (1 Strip = 7 Tablets)

Rs. 259.35

Rs. 273.00","259.35

 273.00","259.35

 273.00",140
"Sinemet Tablets 25mg/250mg (1 Strip = 10 Tablets)

Rs. 269.30

Rs. 283.52","269.30

 283.52","269.30

 283.52",140
"Ondaset Tablets 8mg (1 Box = 10 Tablets)

Rs. 379.10

Rs. 399.00","379.10

 399.00","379.10

 399.00",140
"Artheget-Ez Tablets 80mg+480mg (1 Box = 2 Strips) (1 Strip = 3 Tablets)

Rs. 585.18

Rs. 616.00","585.18

 616.00","585.18

 616.00",140
"Elgozon Tablets 200mg (1 Box = 10 Tablets)

Rs. 247.00

Rs. 260.00","247.00

 260.00","247.00

 260.00",140
"Dicloran Topical Gel 30g

Rs. 242.25

Rs. 255.00","242.25

 255.00","242.25

 255.00",140
"Rupataget Tablets 10mg (1 Box = 2 Strips) (1 Strip = 7 Tablets)

Rs. 166.25

Rs. 175.00","166.25

 175.00","166.25

 175.00",140
"Artheget-Ez Tablets 80mg+480mg (1 Box = 2 Strips) (1 Strip = 3 Tablets)

Rs. 585.18

Rs. 616.00","585.18

 616.00","585.18

 616.00",140
"Transamin Im/Iv Injection 250mg 5ml (1 Box = 10 Ampoules)

Rs. 24.58

Rs. 25.87","24.58

 25.87","24.58

 25.87",140
"Transamin Im/Iv Injection 250mg 5ml (1 Box = 10 Ampoules)

Rs. 24.58

Rs. 25.87","24.58

 25.87","24.58

 25.87",140
"Sedil Tablets 10mg (1 Box = 3 Strips) (1 Strip = 10 Tablets)

Rs. 288.90

Rs. 304.26","288.90

 304.26","288.90

 304.26",140
"Aprovel Tablets 150mg (1 Strip = 14 Tablets)

Rs. 270.48

Rs. 284.76","270.48

 284.76","270.48

 284.76",140
"Rupataget Tablets 10mg (1 Box = 2 Strips) (1 Strip = 7 Tablets)

Rs. 166.25

Rs. 175.00","166.25

 175.00","166.25

 175.00",140
"Flucon 35ml Suspension 50mg

Rs. 334.42

Rs. 352.02","334.42

 352.02","334.42

 352.02",140
"Transamin Im/Iv Injection 250mg 5ml (1 Box = 10 Ampoules)

Rs. 24.58

Rs. 25.87","24.58

 25.87","24.58

 25.87",140
"Iroxide-F Tablets 100mg + 0.35mg (1 Box = 3 Strips) (1 Strip = 10 Tablets)

Rs. 107.70

Rs. 113.33","107.70

 113.33","107.70

 113.33",141
"Artheget-Ez Tablets 80mg+480mg (1 Box = 2 Strips) (1 Strip = 3 Tablets)

Rs. 585.18

Rs. 616.00","585.18

 616.00","585.18

 616.00",141
"Gvia-M Tablets 50mg/1000mg (1 Strip = 7 Tablets)

Rs. 259.35

Rs. 273.00","259.35

 273.00","259.35

 273.00",141
"Transamin Im/Iv Injection 250mg 5ml (1 Box = 10 Ampoules)

Rs. 24.58

Rs. 25.87","24.58

 25.87","24.58

 25.87",141
"Vilanto-U Dpi Capsules 62.5mcg+25mcg (1 Box = 3 Strips) (1 Strip = 10 Capsules)

Rs. 348.30

Rs. 366.67","348.30

 366.67","348.30

 366.67",141
"Plarvy Cough Syrup 120ml

Rs. 370.50

Rs. 390.00","370.50

 390.00","370.50

 390.00",141
"Cabok Tablets 5mg (1 Strip = 10 Tablets)

Rs. 124.50

Rs. 131.00","124.50

 131.00","124.50

 131.00",141
"Sacvin Tablets 49mg/51mg (1 Strip = 10 Tablets)

Rs. 726.40

Rs. 764.68","726.40

 764.68","726.40

 764.68",141
"Vilanto-U Dpi Capsules 62.5mcg+25mcg (1 Box = 3 Strips) (1 Strip = 10 Capsules)

Rs. 348.30

Rs. 366.67","348.30

 366.67","348.30

 366.67",141
"Aprovel Tablets 150mg (1 Strip = 14 Tablets)

Rs. 270.48

Rs. 284.76","270.48

 284.76","270.48

 284.76",141
"Tenofo-B Tablets 300mg

Rs. 4,065.90

Rs. 4,280.00","4,065.90

 4,280.00","4,065.90

 4,280.00",141
"Fibre One Cereals

Rs. 35.63

Rs. 37.50","35.63

 37.50","35.63

 37.50",141
"Tirzee Injection 10mg/0.5ml (1 Box = 1prefilled Pen)

Rs. 9,500.00

Rs. 10,000.00","9,500.00

 10,000.00","9,500.00

 10,000.00",141
"Fibre One Cereals

Rs. 35.63

Rs. 37.50","35.63

 37.50","35.63

 37.50",141
"Platrid Tablets 75mg (1 Box = 1 Strip)(1 Strip = 10 Tablets)

Rs. 204.30

Rs. 215.00","204.30

 215.00","204.30

 215.00",141
"Fibre One Cereals

Rs. 35.63

Rs. 37.50","35.63

 37.50","35.63

 37.50",141
"Fibre One Cereals

Rs. 35.63

Rs. 37.50","35.63

 37.50","35.63

 37.50",141
"Platrid Tablets 75mg (1 Box = 1 Strip)(1 Strip = 10 Tablets)

Rs. 204.30

Rs. 215.00","204.30

 215.00","204.30

 215.00",142
"Rupataget Tablets 10mg (1 Box = 2 Strips) (1 Strip = 7 Tablets)

Rs. 166.25

Rs. 175.00","166.25

 175.00","166.25

 175.00",142
"Spasrid Tablets (1 Box = 3 Strips) (1 Strip = 10 Tablets)

Rs. 427.50

Rs. 450.00","427.50

 450.00","427.50

 450.00",142
"Tirzee Injection 10mg/0.5ml (1 Box = 1prefilled Pen)

Rs. 9,500.00

Rs. 10,000.00","9,500.00

 10,000.00","9,500.00

 10,000.00",142
"Artheget-Ez Tablets 80mg+480mg (1 Box = 2 Strips) (1 Strip = 3 Tablets)

Rs. 585.18

Rs. 616.00","585.18

 616.00","585.18

 616.00",142
"Klaricid 60ml Suspension 125mg/5ml

Rs. 549.64

Rs. 578.57","549.64

 578.57","549.64

 578.57",142
"Healthaid Osteovit-D Calcium Plus Tablets (1 Box = 30 Tablets)

Rs. 1,681.50

Rs. 1,770.00","1,681.50

 1,770.00","1,681.50

 1,770.00",142
"Fibre One Cereals

Rs. 35.63

Rs. 37.50","35.63

 37.50","35.63

 37.50",142
"Crestat Ez Tablets 20mg/10mg (1 Box = 1 Strip) (1 Strip = 10 Tablets)

Rs. 647.00

Rs. 681.10","647.00

 681.10","647.00

 681.10",142
"Artheget-Ez Tablets 80mg+480mg (1 Box = 2 Strips) (1 Strip = 3 Tablets)

Rs. 585.18

Rs. 616.00","585.18

 616.00","585.18

 616.00",142
"Rupataget Tablets 10mg (1 Box = 2 Strips) (1 Strip = 7 Tablets)

Rs. 166.25

Rs. 175.00","166.25

 175.00","166.25

 175.00",142
"Healthaid Osteovit-D Calcium Plus Tablets (1 Box = 30 Tablets)

Rs. 1,681.50

Rs. 1,770.00","1,681.50

 1,770.00","1,681.50

 1,770.00",142
"Healthaid Osteovit-D Calcium Plus Tablets (1 Box = 30 Tablets)

Rs. 1,681.50

Rs. 1,770.00","1,681.50

 1,770.00","1,681.50

 1,770.00",142
"Plarvy Cough Syrup 120ml

Rs. 370.50

Rs. 390.00","370.50

 390.00","370.50

 390.00",142
"Plarvy Cough Syrup 120ml

Rs. 370.50

Rs. 390.00","370.50

 390.00","370.50

 390.00",142
"Artheget-Ez Tablets 80mg+480mg (1 Box = 2 Strips) (1 Strip = 3 Tablets)

Rs. 585.18

Rs. 616.00","585.18

 616.00","585.18

 616.00",142
"Artheget-Ez Tablets 80mg+480mg (1 Box = 2 Strips) (1 Strip = 3 Tablets)

Rs. 585.18

Rs. 616.00","585.18

 616.00","585.18

 616.00",143
"Plarvy Cough Syrup 120ml

Rs. 370.50

Rs. 390.00","370.50

 390.00","370.50

 390.00",143
"Plarvy Cough Syrup 120ml

Rs. 370.50

Rs. 390.00","370.50

 390.00","370.50

 390.00",143
"Plarvy Cough Syrup 120ml

Rs. 370.50

Rs. 390.00","370.50

 390.00","370.50

 390.00",143
"Elgozon Tablets 200mg (1 Box = 10 Tablets)

Rs. 247.00

Rs. 260.00","247.00

 260.00","247.00

 260.00",143
"Artheget-Ez Tablets 80mg+480mg (1 Box = 2 Strips) (1 Strip = 3 Tablets)

Rs. 585.18

Rs. 616.00","585.18

 616.00","585.18

 616.00",143
"Klaricid 60ml Suspension 125mg/5ml

Rs. 549.64

Rs. 578.57","549.64

 578.57","549.64

 578.57",143
"Dermive Urea Lotion 100ml

Rs. 1,004.15

Rs. 1,057.00","1,004.15

 1,057.00","1,004.15

 1,057.00",143
"Klaricid 60ml Suspension 125mg/5ml

Rs. 549.64

Rs. 578.57","549.64

 578.57","549.64

 578.57",143
"Plarvy Cough Syrup 120ml

Rs. 370.50

Rs. 390.00","370.50

 390.00","370.50

 390.00",143
"Dicloran Topical Gel 30g

Rs. 242.25

Rs. 255.00","242.25

 255.00","242.25

 255.00",143
"Artheget-Ez Tablets 80mg+480mg (1 Box = 2 Strips) (1 Strip = 3 Tablets)

Rs. 585.18

Rs. 616.00","585.18

 616.00","585.18

 616.00",143
"Dicloran Topical Gel 30g

Rs. 242.25

Rs. 255.00","242.25

 255.00","242.25

 255.00",143
"Crestat Tablets 10mg (1 Box = 1 Strip)(1 Strip = 10 Tablets)

Rs. 456.10

Rs. 480.11","456.10

 480.11","456.10

 480.11",143
"Tenofo-B Tablets 300mg

Rs. 4,065.90

Rs. 4,280.00","4,065.90

 4,280.00","4,065.90

 4,280.00",143
"Tirzee Injection 10mg/0.5ml (1 Box = 1prefilled Pen)

Rs. 9,500.00

Rs. 10,000.00","9,500.00

 10,000.00","9,500.00

 10,000.00",143
"Plarvy Cough Syrup 120ml

Rs. 370.50

Rs. 390.00","370.50

 390.00","370.50

 390.00",144
"Gvia-M Tablets 50mg/1000mg (1 Strip = 7 Tablets)

Rs. 259.35

Rs. 273.00","259.35

 273.00","259.35

 273.00",144
"Plarvy Cough Syrup 120ml

Rs. 370.50

Rs. 390.00","370.50

 390.00","370.50

 390.00",144
"Dicloran Topical Gel 30g

Rs. 242.25

Rs. 255.00","242.25

 255.00","242.25

 255.00",144
"Elgozon Tablets 200mg (1 Box = 10 Tablets)

Rs. 247.00

Rs. 260.00","247.00

 260.00","247.00

 260.00",144
"Flucon 35ml Suspension 50mg

Rs. 334.42

Rs. 352.02","334.42

 352.02","334.42

 352.02",144
"Crestat Ez Tablets 20mg/10mg (1 Box = 1 Strip) (1 Strip = 10 Tablets)

Rs. 647.00

Rs. 681.10","647.00

 681.10","647.00

 681.10",144
"Rupataget Tablets 10mg (1 Box = 2 Strips) (1 Strip = 7 Tablets)

Rs. 166.25

Rs. 175.00","166.25

 175.00","166.25

 175.00",144
"Dermive Urea Lotion 100ml

Rs. 1,004.15

Rs. 1,057.00","1,004.15

 1,057.00","1,004.15

 1,057.00",144
"Rupataget Tablets 10mg (1 Box = 2 Strips) (1 Strip = 7 Tablets)

Rs. 166.25

Rs. 175.00","166.25

 175.00","166.25

 175.00",144
"Flucon 35ml Suspension 50mg

Rs. 334.42

Rs. 352.02","334.42

 352.02","334.42

 352.02",144
"Rupataget Tablets 10mg (1 Box = 2 Strips) (1 Strip = 7 Tablets)

Rs. 166.25

Rs. 175.00","166.25

 175.00","166.25

 175.00",144
"Klaricid 60ml Suspension 125mg/5ml

Rs. 549.64

Rs. 578.57","549.64

 578.57","549.64

 578.57",144
"Plarvy Cough Syrup 120ml

Rs. 370.50

Rs. 390.00","370.50

 390.00","370.50

 390.00",144
"Ondaset Tablets 8mg (1 Box = 10 Tablets)

Rs. 379.10

Rs. 399.00","379.10

 399.00","379.10

 399.00",144
"Klaricid 60ml Suspension 125mg/5ml

Rs. 549.64

Rs. 578.57","549.64

 578.57","549.64

 578.57",144
"Sem-O Tablets 3mg (1 Box = 2 Strips) (1 Strip = 7 Tablets)

Rs. 1,163.75

Rs. 1,225.00","1,163.75

 1,225.00","1,163.75

 1,225.00",144
"Elgozon Tablets 200mg (1 Box = 10 Tablets)

Rs. 247.00

Rs. 260.00","247.00

 260.00","247.00

 260.00",145
"Funge Tablets 250mg (1 Box = 2 Strips) (1 Strip = 5 Tablets)

Rs. 760.00

Rs. 800.00","760.00

 800.00","760.00

 800.00",145
"Sinemet Tablets 25mg/250mg (1 Strip = 10 Tablets)

Rs. 269.30

Rs. 283.52","269.30

 283.52","269.30

 283.52",145
"Ondaset Tablets 8mg (1 Box = 10 Tablets)

Rs. 379.10

Rs. 399.00","379.10

 399.00","379.10

 399.00",145
"Plarvy Cough Syrup 120ml

Rs. 370.50

Rs. 390.00","370.50

 390.00","370.50

 390.00",145
"Flucon 35ml Suspension 50mg

Rs. 334.42

Rs. 352.02","334.42

 352.02","334.42

 352.02",145
"Tirzee Injection 10mg/0.5ml (1 Box = 1prefilled Pen)

Rs. 9,500.00

Rs. 10,000.00","9,500.00

 10,000.00","9,500.00

 10,000.00",145
"Flucon 35ml Suspension 50mg

Rs. 334.42

Rs. 352.02","334.42

 352.02","334.42

 352.02",145
"Flucon 35ml Suspension 50mg

Rs. 334.42

Rs. 352.02","334.42

 352.02","334.42

 352.02",145
"Funge Tablets 250mg (1 Box = 2 Strips) (1 Strip = 5 Tablets)

Rs. 760.00

Rs. 800.00","760.00

 800.00","760.00

 800.00",145
"Cefspan Capsules 400mg (1 Bottle = 5 Capsules)

Rs. 693.50

Rs. 730.00","693.50

 730.00","693.50

 730.00",145
"Klaricid 60ml Suspension 125mg/5ml

Rs. 549.64

Rs. 578.57","549.64

 578.57","549.64

 578.57",145
"Rupataget Tablets 10mg (1 Box = 2 Strips) (1 Strip = 7 Tablets)

Rs. 166.25

Rs. 175.00","166.25

 175.00","166.25

 175.00",145
"Klaricid 60ml Suspension 125mg/5ml

Rs. 549.64

Rs. 578.57","549.64

 578.57","549.64

 578.57",145
"Flucon 35ml Suspension 50mg

Rs. 334.42

Rs. 352.02","334.42

 352.02","334.42

 352.02",145
"Vilanto-U Dpi Capsules 62.5mcg+25mcg (1 Box = 3 Strips) (1 Strip = 10 Capsules)

Rs. 348.30

Rs. 366.67","348.30

 366.67","348.30

 366.67",145
"Vilanto-U Dpi Capsules 62.5mcg+25mcg (1 Box = 3 Strips) (1 Strip = 10 Capsules)

Rs. 348.30

Rs. 366.67","348.30

 366.67","348.30

 366.67",145
"Ondaset Tablets 8mg (1 Box = 10 Tablets)

Rs. 379.10

Rs. 399.00","379.10

 399.00","379.10

 399.00",145
"Elgozon Tablets 200mg (1 Box = 10 Tablets)

Rs. 247.00

Rs. 260.00","247.00

 260.00","247.00

 260.00",146
"Healthaid Osteovit-D Calcium Plus Tablets (1 Box = 30 Tablets)

Rs. 1,681.50

Rs. 1,770.00","1,681.50

 1,770.00","1,681.50

 1,770.00",146
"Dicloran Topical Gel 30g

Rs. 242.25

Rs. 255.00","242.25

 255.00","242.25

 255.00",146
"Vilanto-U Dpi Capsules 62.5mcg+25mcg (1 Box = 3 Strips) (1 Strip = 10 Capsules)

Rs. 348.30

Rs. 366.67","348.30

 366.67","348.30

 366.67",146
"Sinemet Tablets 25mg/250mg (1 Strip = 10 Tablets)

Rs. 269.30

Rs. 283.52","269.30

 283.52","269.30

 283.52",146
"Healthaid Osteovit-D Calcium Plus Tablets (1 Box = 30 Tablets)

Rs. 1,681.50

Rs. 1,770.00","1,681.50

 1,770.00","1,681.50

 1,770.00",146
"Vilanto-U Dpi Capsules 62.5mcg+25mcg (1 Box = 3 Strips) (1 Strip = 10 Capsules)

Rs. 348.30

Rs. 366.67","348.30

 366.67","348.30

 366.67",146
"Tenofo-B Tablets 300mg

Rs. 4,065.90

Rs. 4,280.00","4,065.90

 4,280.00","4,065.90

 4,280.00",146
"Artheget-Ez Tablets 80mg+480mg (1 Box = 2 Strips) (1 Strip = 3 Tablets)

Rs. 585.18

Rs. 616.00","585.18

 616.00","585.18

 616.00",146
"Dicloran Topical Gel 30g

Rs. 242.25

Rs. 255.00","242.25

 255.00","242.25

 255.00",146
"Flucon 35ml Suspension 50mg

Rs. 334.42

Rs. 352.02","334.42

 352.02","334.42

 352.02",146
"Healthaid Osteovit-D Calcium Plus Tablets (1 Box = 30 Tablets)

Rs. 1,681.50

Rs. 1,770.00","1,681.50

 1,770.00","1,681.50

 1,770.00",146
"Plarvy Cough Syrup 120ml

Rs. 370.50

Rs. 390.00","370.50

 390.00","370.50

 390.00",146
"Flucon 35ml Suspension 50mg

Rs. 334.42

Rs. 352.02","334.42

 352.02","334.42

 352.02",146
"Artheget-Ez Tablets 80mg+480mg (1 Box = 2 Strips) (1 Strip = 3 Tablets)

Rs. 585.18

Rs. 616.00","585.18

 616.00","585.18

 616.00",146
"Artheget-Ez Tablets 80mg+480mg (1 Box = 2 Strips) (1 Strip = 3 Tablets)

Rs. 585.18

Rs. 616.00","585.18

 616.00","585.18

 616.00",146
"Tenofo-B Tablets 300mg

Rs. 4,065.90

Rs. 4,280.00","4,065.90

 4,280.00","4,065.90

 4,280.00",146
"Vilanto-U Dpi Capsules 62.5mcg+25mcg (1 Box = 3 Strips) (1 Strip = 10 Capsules)

Rs. 348.30

Rs. 366.67","348.30

 366.67","348.30

 366.67",146
"Tenofo-B Tablets 300mg

Rs. 4,065.90

Rs. 4,280.00","4,065.90

 4,280.00","4,065.90

 4,280.00",147
"Funge Tablets 250mg (1 Box = 2 Strips) (1 Strip = 5 Tablets)

Rs. 760.00

Rs. 800.00","760.00

 800.00","760.00

 800.00",147
"Tirzee Injection 10mg/0.5ml (1 Box = 1prefilled Pen)

Rs. 9,500.00

Rs. 10,000.00","9,500.00

 10,000.00","9,500.00

 10,000.00",147
"Funge Tablets 250mg (1 Box = 2 Strips) (1 Strip = 5 Tablets)

Rs. 760.00

Rs. 800.00","760.00

 800.00","760.00

 800.00",147
"Artheget-Ez Tablets 80mg+480mg (1 Box = 2 Strips) (1 Strip = 3 Tablets)

Rs. 585.18

Rs. 616.00","585.18

 616.00","585.18

 616.00",147
"Ondaset Tablets 8mg (1 Box = 10 Tablets)

Rs. 379.10

Rs. 399.00","379.10

 399.00","379.10

 399.00",147
"Optra-S Nebuliser Solution 0.5mg+2.5mg/2.5ml (1 Box = 10 Vials))

Rs. 118.75

Rs. 125.00","118.75

 125.00","118.75

 125.00",147
"Genticyn Eye/Ear Drops 7.5ml

Rs. 46.29

Rs. 48.73","46.29

 48.73","46.29

 48.73",147
"Sinemet Tablets 25mg/250mg (1 Strip = 10 Tablets)

Rs. 269.30

Rs. 283.52","269.30

 283.52","269.30

 283.52",147
"Klaricid 60ml Suspension 125mg/5ml

Rs. 549.64

Rs. 578.57","549.64

 578.57","549.64

 578.57",147
"Sinemet Tablets 25mg/250mg (1 Strip = 10 Tablets)

Rs. 269.30

Rs. 283.52","269.30

 283.52","269.30

 283.52",147
"Artheget-Ez Tablets 80mg+480mg (1 Box = 2 Strips) (1 Strip = 3 Tablets)

Rs. 585.18

Rs. 616.00","585.18

 616.00","585.18

 616.00",147
"Avorek Tablets 50mg (1 Strip = 10 Tablets)

Rs. 10.97

Rs. 11.55","10.97

 11.55","10.97

 11.55",147
"Plarvy Cough Syrup 120ml

Rs. 370.50

Rs. 390.00","370.50

 390.00","370.50

 390.00",147
"Calamox Ds 90ml Suspension 312.50mg/5ml

Rs. 327.10

Rs. 344.32","327.10

 344.32","327.10

 344.32",147
"Persch 30ml Syrup 1mg/Ml

Rs. 503.50

Rs. 530.00","503.50

 530.00","503.50

 530.00",147
"Flucon 35ml Suspension 50mg

Rs. 334.42

Rs. 352.02","334.42

 352.02","334.42

 352.02",147
"Avorek Tablets 50mg (1 Strip = 10 Tablets)

Rs. 10.97

Rs. 11.55","10.97

 11.55","10.97

 11.55",147
"Valdosar Tablets 10mg/160mg (1 Box = 2 Strips) (1 Strip = 7 Tablets)

Rs. 322.98

Rs. 340.00","322.98

 340.00","322.98

 340.00",148
"Ondaset Tablets 8mg (1 Box = 10 Tablets)

Rs. 379.10

Rs. 399.00","379.10

 399.00","379.10

 399.00",148
"Plarvy Cough Syrup 120ml

Rs. 370.50

Rs. 390.00","370.50

 390.00","370.50

 390.00",148
"Rupataget Tablets 10mg (1 Box = 2 Strips) (1 Strip = 7 Tablets)

Rs. 166.25

Rs. 175.00","166.25

 175.00","166.25

 175.00",148
"Klaricid 60ml Suspension 125mg/5ml

Rs. 549.64

Rs. 578.57","549.64

 578.57","549.64

 578.57",148
"Vilanto-U Dpi Capsules 62.5mcg+25mcg (1 Box = 3 Strips) (1 Strip = 10 Capsules)

Rs. 348.30

Rs. 366.67","348.30

 366.67","348.30

 366.67",148
"Tenofo-B Tablets 300mg

Rs. 4,065.90

Rs. 4,280.00","4,065.90

 4,280.00","4,065.90

 4,280.00",148
"Rupataget Tablets 10mg (1 Box = 2 Strips) (1 Strip = 7 Tablets)

Rs. 166.25

Rs. 175.00","166.25

 175.00","166.25

 175.00",148
"Aprovel Tablets 150mg (1 Strip = 14 Tablets)

Rs. 270.48

Rs. 284.76","270.48

 284.76","270.48

 284.76",148
"Alphagan Eye Drops 0.2% 5ml

Rs. 807.50

Rs. 850.00","807.50

 850.00","807.50

 850.00",148
"Artheget-Ez Tablets 80mg+480mg (1 Box = 2 Strips) (1 Strip = 3 Tablets)

Rs. 585.18

Rs. 616.00","585.18

 616.00","585.18

 616.00",148
"Wintax Iv/Im Injection 1000mg (1 Box = 1 Injection)

Rs. 258.40

Rs. 272.00","258.40

 272.00","258.40

 272.00",148
"Getfil Tablets 50mg (1 Box = 4 Tablets)

Rs. 380.00

Rs. 400.00","380.00

 400.00","380.00

 400.00",148
"Tenofo-B Tablets 300mg

Rs. 4,065.90

Rs. 4,280.00","4,065.90

 4,280.00","4,065.90

 4,280.00",148
"Dermive Urea Lotion 100ml

Rs. 1,004.15

Rs. 1,057.00","1,004.15

 1,057.00","1,004.15

 1,057.00",148
"Wintax Iv/Im Injection 1000mg (1 Box = 1 Injection)

Rs. 258.40

Rs. 272.00","258.40

 272.00","258.40

 272.00",148
"Artheget-Ez Tablets 80mg+480mg (1 Box = 2 Strips) (1 Strip = 3 Tablets)

Rs. 585.18

Rs. 616.00","585.18

 616.00","585.18

 616.00",148
"Elgozon Tablets 200mg (1 Box = 10 Tablets)

Rs. 247.00

Rs. 260.00","247.00

 260.00","247.00

 260.00",149
"Funge Tablets 250mg (1 Box = 2 Strips) (1 Strip = 5 Tablets)

Rs. 760.00

Rs. 800.00","760.00

 800.00","760.00

 800.00",149
"Rupataget Tablets 10mg (1 Box = 2 Strips) (1 Strip = 7 Tablets)

Rs. 166.25

Rs. 175.00","166.25

 175.00","166.25

 175.00",149
"Omega-D Capsules 20mg/75mg (1 Box = 20 Tablets)

Rs. 558.60

Rs. 588.00","558.60

 588.00","558.60

 588.00",149
"Crestat Tablets 10mg (1 Box = 1 Strip)(1 Strip = 10 Tablets)

Rs. 456.10

Rs. 480.11","456.10

 480.11","456.10

 480.11",149
"Fibre One Cereals

Rs. 35.63

Rs. 37.50","35.63

 37.50","35.63

 37.50",149
"Flucon 35ml Suspension 50mg

Rs. 334.42

Rs. 352.02","334.42

 352.02","334.42

 352.02",149
"Aprovel Tablets 150mg (1 Strip = 14 Tablets)

Rs. 270.48

Rs. 284.76","270.48

 284.76","270.48

 284.76",149
"Tirzee Injection 10mg/0.5ml (1 Box = 1prefilled Pen)

Rs. 9,500.00

Rs. 10,000.00","9,500.00

 10,000.00","9,500.00

 10,000.00",149
"Klaricid 60ml Suspension 125mg/5ml

Rs. 549.64

Rs. 578.57","549.64

 578.57","549.64

 578.57",149
"Dicloran Topical Gel 30g

Rs. 242.25

Rs. 255.00","242.25

 255.00","242.25

 255.00",149
"Elgozon Tablets 200mg (1 Box = 10 Tablets)

Rs. 247.00

Rs. 260.00","247.00

 260.00","247.00

 260.00",149
"Fibre One Cereals

Rs. 35.63

Rs. 37.50","35.63

 37.50","35.63

 37.50",149
"Dermive Urea Lotion 100ml

Rs. 1,004.15

Rs. 1,057.00","1,004.15

 1,057.00","1,004.15

 1,057.00",149
"Brivace Tablets 50mg (1 Box = 2 Strips) (1 Strip = 7 Tablets)

Rs. 1,309.14

Rs. 1,378.00","1,309.14

 1,378.00","1,309.14

 1,378.00",149
"Ondaset Tablets 8mg (1 Box = 10 Tablets)

Rs. 379.10

Rs. 399.00","379.10

 399.00","379.10

 399.00",150
"Avorek Tablets 50mg (1 Strip = 10 Tablets)

Rs. 10.97

Rs. 11.55","10.97

 11.55","10.97

 11.55",150
"Elgozon Tablets 200mg (1 Box = 10 Tablets)

Rs. 247.00

Rs. 260.00","247.00

 260.00","247.00

 260.00",150
"Flucon 35ml Suspension 50mg

Rs. 334.42

Rs. 352.02","334.42

 352.02","334.42

 352.02",150
"Atcomid Tablets 100mg (1 Box = 1 Strip)(1 Strip = 14 Tablets)

Rs. 665.00

Rs. 700.00","665.00

 700.00","665.00

 700.00",150
"Sinemet Tablets 25mg/250mg (1 Strip = 10 Tablets)

Rs. 269.30

Rs. 283.52","269.30

 283.52","269.30

 283.52",150
"Genticyn Eye/Ear Drops 7.5ml

Rs. 46.29

Rs. 48.73","46.29

 48.73","46.29

 48.73",150
"Fibre One Cereals

Rs. 35.63

Rs. 37.50","35.63

 37.50","35.63

 37.50",150
"Fibre One Cereals

Rs. 35.63

Rs. 37.50","35.63

 37.50","35.63

 37.50",150
"Genticyn Eye/Ear Drops 7.5ml

Rs. 46.29

Rs. 48.73","46.29

 48.73","46.29

 48.73",150
"Klaricid 60ml Suspension 125mg/5ml

Rs. 549.64

Rs. 578.57","549.64

 578.57","549.64

 578.57",150
"Flucon 35ml Suspension 50mg

Rs. 334.42

Rs. 352.02","334.42

 352.02","334.42

 352.02",150
"Ondaset Tablets 8mg (1 Box = 10 Tablets)

Rs. 379.10

Rs. 399.00","379.10

 399.00","379.10

 399.00",150
"Ondaset Tablets 8mg (1 Box = 10 Tablets)

Rs. 379.10

Rs. 399.00","379.10

 399.00","379.10

 399.00",150
"Flucon 35ml Suspension 50mg

Rs. 334.42

Rs. 352.02","334.42

 352.02","334.42

 352.02",150
"Hytrin Tablets 5mg (1 Strip = 10 Tablets)

Rs. 845.70

Rs. 890.22","845.70

 890.22","845.70

 890.22",150
"Melas Cream 15g

Rs. 341.05

Rs. 359.00","341.05

 359.00","341.05

 359.00",150
